best_book,result
파친코 1,"['파친코 1', '[세트] 파친코 1~2 세트 - 전2권']"
파친코 2,"['파친코 2', '[세트] 파친코 1~2 세트 - 전2권']"
2022 제13회 젊은작가상 수상작품집,[]
가불 선진국,['가불 선진국']
불편한 편의점 (40만부 기념 벚꽃 에디션),['불편한 편의점 (40만부 기념 벚꽃 에디션)']
물고기는 존재하지 않는다,"[""Why Fish Don't Exist: A Story of Loss, Love, and the Hidden Order of Life (Paperback)"", '물고기는 존재하지 않는다']"
아무도 흔들 수 없는 나라,"['아무도 흔들 수 없는 나라', '아무도 흔들 수 없는 나라']"
143층 나무 집,[]
꽃샘바람에 흔들린다면 너는 꽃,[]
얼굴만으론 좋아할 수 없어요 3,[]
운명을 바꾸는 부동산 투자 수업 : 기초편,"['운명을 바꾸는 부동산 투자 수업 2권 세트 - 기초편, 실전편', '운명을 바꾸는 부동산 투자 수업 (기초편)']"
지리의 힘 2,"['영어의 힘 + 지리의 힘 세트 - 전2권', '지리의 힘 + 땅과 집값의 경제학 세트 - 전2권']"
3월의 라이온 16,[]
여름이 온다,"['여름이 온다', '한국양서발굴연구소 선정 2019 여름방학 초등 3학년 추천세트 + 플라밍고 컵홀더']"
그 해 우리는 포토 에세이,[]
이어령의 마지막 수업,"['이어령의 마지막 수업', '이어령의 마지막 수업', '이어령의 마지막 수업 이어령과 김지수의 라스트 인터뷰']"
원피스 101,"['원피스 1-97 + 원티드 + 옐로 +블루+ 그린 총101권       실사진첨부 =싸다구책방', '원피스 1-101권 세트 (97,99-101권 ㅅㅐ책/ 실사진 첨부/ 개인소장용/ 상품설명 참조)^^코믹갤러리']"
웰씽킹 WEALTHINKING (10만 부 기념 한정판 골드 에디션),['웰씽킹 WEALTHINKING (10만 부 기념 한정판 골드 에디션) ']
운명을 바꾸는 부동산 투자 수업 : 실전편,"['운명을 바꾸는 부동산 투자 수업 2권 세트 - 기초편, 실전편']"
도원암귀 4,[]
그림들,"['이중섭 1916-1956 편지와 그림들', '살아남은 그림들', '세상 모든 화가들의 그림 이야기', '귀여운 동물들의 숨은그림찾기', '야, 그림 속으로 들어가보자!', '그림으로 보는 그리스 로마 신화 3 : 신들의 사랑 이야기', '홀리스 우즈의 그림들', '조선이 낳은 그림 천재들', 'Highlights 집중력 쑥쑥 숨은그림찾기 1', '꽃들에게 희망을', '그림으로 들어간 사람들', '명화들이 말해주는 그림 속 드레스 이야기', '그림 속에는 뚱보들이 산다', '이상한 수학책', '그림들의 혼잣말', '세상에서 가장 행복한 100층 버스', '그림과 문장들', '태양을 훔친 화가 빈센트 반 고흐', '조선의 그림 수집가들', '내면의 그림', 'Highlights 집중력 쑥쑥 숨은그림찾기 4', 'Highlights 집중력 쑥쑥 숨은그림찾기 2', '북극에서 남극까지 역사 문화 자연이 한눈에 쏙 들어오는 아주아주 놀라운 세계그림지도', '그림에 붙잡힌 사람들 2', 'Highlights 집중력 쑥쑥 숨은그림찾기 3']"
마음의 법칙,"['왜 리더인가', '심리학을 만나 행복해졌다', '스마트한 생각들', 'UX/UI의 10가지 심리학 법칙', '맥스웰 몰츠 성공의 법칙', '마음을 흔드는 영업의 법칙', '심리학을 만나 행복해졌다 (특별판 리커버 에디션, 양장)', '최강의 육아', '고수의 보고법', '카네기 인간관계 30가지 원칙', '성공을 끌어오는 마음의 법칙', '내 직업을 찾는 마음의 법칙', '마음의 소원을 이루는 영적법칙', '크리에이팅 머니', '황제의 새마음 -상', '황제의 새마음 -하', '중추신경 자율신경 강화법', '12가지 행복의 법칙', '십대, 상처받지 않는 연습', '마음의 지도', '정리만 했을 뿐인데, 마음이 편안해졌다', '현대미디어 / 행복한 마음의 법칙 / 브라이언 로빈슨. 이은희 옮김 -03년.초판', '성공을 끌어오는 마음의 법칙 - 최고의 성취를 위한 단계적 성공전략', '잠자기 전 읽기만 해도 나쁜 기분이 사라지는 마음의 법칙 26 (자기계발/2)', '성공을 끌어오는 마음의 법칙 ★']"
청춘 블라썸 시즌1 : 1~3 한정판 박스 세트 - 전3권 (굿즈 8종 + 전용수납케이스 포함),[]
김학렬의 부동산 투자 절대 원칙,[]
거의 모든 행동 표현의 영어,[]
나의 아저씨 1~2 세트 - 전2권,['아저씨 1~2 세트 (전2권) 지은이:리야 RIYA/일러스트: 유동나레(자체제작)']
오리 부리 이야기,[]
10배의 법칙,"['초보 사장, 마케팅 프로 되다', '10배의 법칙', '업무 효율을 10배 높이는 지적 생산술']"
다산의 마지막 질문,[]
극장판 주술회전 0 노벨라이즈,[]
오래되고 멋진 클래식 레코드,[]
롤랑의 노래,"['롤랑전', '롤랑의 노래', '롤랑의 노래에서 까뮈까지']"
"어서 오세요, 휴남동 서점입니다","['] 어서 오세요, 휴남동 서점입니다 ']"
보도 섀퍼의 이기는 습관,['보도 섀퍼의 이기는 습관']
놓아주는 엄마 주도하는 아이,[]
흔한남매 불꽃 튀는 우리말 5,[]
열혈강호 85,"['(개인소장용) 열혈강호 1-85 전권 세트', '열혈강호 1-85권 세트 (1,6,83-85권 ㅅㅐ책/ 실사진 첨부/ 업소용/ 상품설명 참조)^^코믹갤러리']"
위대한 국민의 나라,[]
거의 모든 것의 역사,"['거의 모든 것의 역사', '거의 모든 IT의 역사 (10주년 기념 스페셜 에디션)', '자폐의 거의 모든 역사', '그림으로 보는 거의 모든 것의 역사', '거의 모든 사생활의 역사', 'DK 타임라인으로 보는 거의 모든 것의 역사', '현대의학의 거의 모든 역사', '거의 모든 인터넷의 역사', '농업, 거의 모든 것의 역사', '매혹과 잔혹의 커피사', '빌 브라이슨 발칙한 영어 산책', '거의 모든 존재의 역사 양자형이상학', '옥스퍼드 과학사', '계산기는 어떻게 인공지능이 되었을까', 'A Really Short History of Nearly Everything (Hardcover)', '거의 모든 IT의 역사', 'A Short History of Nearly Everything (Paperback)', '지독하게 인간적인 하루들', '한국성사', 'A Short History of Nearly Everything (Paperback)', '핸드폰 연대기', '중국 차 문화대사전 2', '중국 차 문화대사전 1', '[세트] 중국 차문화 대사전 - 전2권', 'A Short History of Nearly Everything (Hardcover)']"
오은영의 화해 (리커버),['오은영의 화해 (리커버)']
저주토끼 (리커버),[]
소설 보다 : 봄 2022,[]
ETS 토익 정기시험 기출문제집 1000 Vol. 3 Reading (리딩),[]
나는 3학년 2반 7번 애벌레,['나는 3학년 2반 7번 애벌레']
백광,"['관음출판사 / 신 토정비결 / 백광 저 -99년.초판', '역술전서 - 관상 수상 성명 사주 궁합 백세력/한국과학역리학회 백광 編著/현문사/1984.10.10/세월에 의한 색바램이 약간 있음. 상급', '기봉 백광홍의 문학세계', '돌사람 크게 웃네 (1993년 초판본) ㅣ 진제 (지은이) | 백광 | 1993. 08. 25', '백광 / 돌사람 크게 웃네 ( 석인대소 ) / 진제 대선사 법어집 -아래참조', '기봉 백광홍의 문학세계', '예수님의 작은 친구, 나는 복사', '2022 백광훈 형사소송법 - 전2권', '학생부 끝판왕 : 자연 공학 의생명 경상 교육편', '2022 백광훈 형사소송법 퍼펙트 써머리', '2022 Logos 형법총론', '2022 Logos 형법각론', '2021 백광훈 형사소송법 대표유형 기출문제집', '2022 Logos 풀어쓴 형사법전', '신 토정비결', '초등 참여형 온라인 수업 A2Z', '2021 태백광노 황현필 한국사 필기노트', '2021 LOGOS 백광훈 검찰형법 기출문제집', '학생부 끝판왕 : 인문 사회 교육편', '국역 기봉집', '2022 LOGOS 형법 새로 쓴 필기노트', '2021 백광훈 형사소송법 핵마총 (핵심 마무리 총정리)', '알기쉬운 IASTM 도구를 이용한 근막이완 테크닉', '2021 백광훈 형법 핵마총 (핵심 마무리 총정리)', '2021 황현필 한국사 기본서 - 전2권']"
2022 써니 행정법총론 실전동형 모의고사 - 전2권,[]
2022 써니 행정법총론 단원별 모의고사 - 전2권,[]
루호,"['루', '멀리 있다 우루는 늦을 것이다', '루나레나의 비밀 편지', '앤드류 루미스의 인체 드로잉', '서루조당 파효', '당당해라, 몰리 루 멜론', '카밍 시그널', '인생 우화', '루친데', '앤드류 루미스의 두상과 손 드로잉', '비폭력대화 워크북', '루리색에 흐려진 일상 1', '양성평등에 반대한다', '뚜루뚜루와 함께하는 처음 코딩 : 언플러그드 세트', '루나의 맛있는 테이블', '김호중 - The Classic Album II : My Favorite Songs', '한국 남성을 분석한다', '요리조리 열어 보는 바다', '피해와 가해의 페미니즘', '퀴어돌로지', '루씬 인 액션', '알기 쉬운 인물화', '뚜루뚜루와 함께하는 처음 코딩 : 언플러그드 (활동지)', '윤동주 동시 컬러링 북', '세계로 떠나는 테마여행 Vol.20 - 프랑스 Ⅰ( 파리 / 노르망디 / 브루고뉴 / 루아르현 )']"
세력주 매매 공식,['세력주 매매 공식 - 마이너스 계좌라면 반드시 읽어야 할']
지구 끝의 온실,"['지구 끝의 온실', '지구 끝의 온실  김초엽   최상급책', '지구 끝의 온실 (밀리의 서재)']"
