title,link,guid,pubDate,description,source
"""코로나로 경남 경제 고용지표 악화…취업률 낮고 실업률 증가"" - 매일경제",https://www.mk.co.kr/news/society/view/2022/03/283763/,"OrderedDict([('@isPermaLink', 'false'), ('#text', 'CBMiNmh0dHBzOi8vd3d3Lm1rLmNvLmtyL25ld3Mvc29jaWV0eS92aWV3LzIwMjIvMDMvMjgzNzYzL9IBOGh0dHBzOi8vbS5tay5jby5rci9uZXdzL3NvY2lldHkvdmlldy1hbXAvMjAyMi8wMy8yODM3NjMv')])","Tue, 29 Mar 2022 07:08:46 GMT","<a href=""https://www.mk.co.kr/news/society/view/2022/03/283763/"" target=""_blank"">""코로나로 경남 경제 고용지표 악화…취업률 낮고 실업률 증가""</a>&nbsp;&nbsp;<font color=""#6f6f6f"">매일경제</font>","OrderedDict([('@url', 'https://www.mk.co.kr'), ('#text', '매일경제')])"
울산 3월 소비자 경제상황 인식 '긍정 수준' 유지…지수는 하락 - 매일경제,https://www.mk.co.kr/news/economy/view/2022/03/283902/,"OrderedDict([('@isPermaLink', 'false'), ('#text', 'CBMiNmh0dHBzOi8vd3d3Lm1rLmNvLmtyL25ld3MvZWNvbm9teS92aWV3LzIwMjIvMDMvMjgzOTAyL9IBOGh0dHBzOi8vbS5tay5jby5rci9uZXdzL2Vjb25vbXkvdmlldy1hbXAvMjAyMi8wMy8yODM5MDIv')])","Tue, 29 Mar 2022 07:31:47 GMT","<a href=""https://www.mk.co.kr/news/economy/view/2022/03/283902/"" target=""_blank"">울산 3월 소비자 경제상황 인식 '긍정 수준' 유지…지수는 하락</a>&nbsp;&nbsp;<font color=""#6f6f6f"">매일경제</font>","OrderedDict([('@url', 'https://www.mk.co.kr'), ('#text', '매일경제')])"
"이창용 한은총재 후보 귀국길 올라…""거시경제 안정 노력하겠다"" - 매일경제",https://www.mk.co.kr/news/economy/view/2022/03/284741/,"OrderedDict([('@isPermaLink', 'false'), ('#text', 'CBMiNmh0dHBzOi8vd3d3Lm1rLmNvLmtyL25ld3MvZWNvbm9teS92aWV3LzIwMjIvMDMvMjg0NzQxL9IBOGh0dHBzOi8vbS5tay5jby5rci9uZXdzL2Vjb25vbXkvdmlldy1hbXAvMjAyMi8wMy8yODQ3NDEv')])","Tue, 29 Mar 2022 16:58:52 GMT","<a href=""https://www.mk.co.kr/news/economy/view/2022/03/284741/"" target=""_blank"">이창용 한은총재 후보 귀국길 올라…""거시경제 안정 노력하겠다""</a>&nbsp;&nbsp;<font color=""#6f6f6f"">매일경제</font>","OrderedDict([('@url', 'https://www.mk.co.kr'), ('#text', '매일경제')])"
경제 쪽 무게 실린 첫 총리 인선…“경제원팀 만들 최적임자 찾는 중” - 한겨레,https://www.hani.co.kr/arti/politics/politics_general/1036570.html,"OrderedDict([('@isPermaLink', 'false'), ('#text', 'CBMiQmh0dHBzOi8vd3d3LmhhbmkuY28ua3IvYXJ0aS9wb2xpdGljcy9wb2xpdGljc19nZW5lcmFsLzEwMzY1NzAuaHRtbNIBAA')])","Mon, 28 Mar 2022 08:33:21 GMT","<a href=""https://www.hani.co.kr/arti/politics/politics_general/1036570.html"" target=""_blank"">경제 쪽 무게 실린 첫 총리 인선…“경제원팀 만들 최적임자 찾는 중”</a>&nbsp;&nbsp;<font color=""#6f6f6f"">한겨레</font>","OrderedDict([('@url', 'https://www.hani.co.kr'), ('#text', '한겨레')])"
"경실련 ""경제 부처 퇴직자 10명 중 8명 재취업… 관피아 우려"" - 한국일보",https://www.hankookilbo.com/News/Read/A2022032915400005267,"OrderedDict([('@isPermaLink', 'false'), ('#text', 'CBMiOmh0dHBzOi8vd3d3Lmhhbmtvb2tpbGJvLmNvbS9OZXdzL1JlYWQvQTIwMjIwMzI5MTU0MDAwMDUyNjfSAQA')])","Tue, 29 Mar 2022 07:20:00 GMT","<a href=""https://www.hankookilbo.com/News/Read/A2022032915400005267"" target=""_blank"">경실련 ""경제 부처 퇴직자 10명 중 8명 재취업… 관피아 우려""</a>&nbsp;&nbsp;<font color=""#6f6f6f"">한국일보</font>","OrderedDict([('@url', 'https://www.hankookilbo.com'), ('#text', '한국일보')])"
"정부, IPEF 참여 “긍정 검토 중”…미국 주도 경제·안보 협력체 - 한겨레",https://www.hani.co.kr/arti/economy/global/1036623.html,"OrderedDict([('@isPermaLink', 'false'), ('#text', 'CBMiN2h0dHBzOi8vd3d3LmhhbmkuY28ua3IvYXJ0aS9lY29ub215L2dsb2JhbC8xMDM2NjIzLmh0bWzSAQA')])","Mon, 28 Mar 2022 23:29:09 GMT","<a href=""https://www.hani.co.kr/arti/economy/global/1036623.html"" target=""_blank"">정부, IPEF 참여 “긍정 검토 중”…미국 주도 경제·안보 협력체</a>&nbsp;&nbsp;<font color=""#6f6f6f"">한겨레</font>","OrderedDict([('@url', 'https://www.hani.co.kr'), ('#text', '한겨레')])"
"인수위 ""외교·경제 함께 가야…경제부총리 중심 '경제원팀'으로"" - 머니투데이",https://news.mt.co.kr/mtview.php?no=2022032916290287090,"OrderedDict([('@isPermaLink', 'false'), ('#text', 'CBMiN2h0dHBzOi8vbmV3cy5tdC5jby5rci9tdHZpZXcucGhwP25vPTIwMjIwMzI5MTYyOTAyODcwOTDSAQA')])","Tue, 29 Mar 2022 08:01:32 GMT","<a href=""https://news.mt.co.kr/mtview.php?no=2022032916290287090"" target=""_blank"">인수위 ""외교·경제 함께 가야…경제부총리 중심 '경제원팀'으로""</a>&nbsp;&nbsp;<font color=""#6f6f6f"">머니투데이</font>","OrderedDict([('@url', 'https://news.mt.co.kr'), ('#text', '머니투데이')])"
IMF “보유세 높이고 대출 조여야” 윤 주택공약과 다른 처방 - 한겨레,https://www.hani.co.kr/arti/economy/economy_general/1036753.html,"OrderedDict([('@isPermaLink', 'false'), ('#text', 'CBMiQGh0dHBzOi8vd3d3LmhhbmkuY28ua3IvYXJ0aS9lY29ub215L2Vjb25vbXlfZ2VuZXJhbC8xMDM2NzUzLmh0bWzSAQA')])","Tue, 29 Mar 2022 11:27:01 GMT","<a href=""https://www.hani.co.kr/arti/economy/economy_general/1036753.html"" target=""_blank"">IMF “보유세 높이고 대출 조여야” 윤 주택공약과 다른 처방</a>&nbsp;&nbsp;<font color=""#6f6f6f"">한겨레</font>","OrderedDict([('@url', 'https://www.hani.co.kr'), ('#text', '한겨레')])"
'총체적 난국' 전북경제 전망 어둡다 - 전북도민일보,http://www.domin.co.kr/news/articleView.html?idxno=1376464,"OrderedDict([('@isPermaLink', 'false'), ('#text', 'CBMiOmh0dHA6Ly93d3cuZG9taW4uY28ua3IvbmV3cy9hcnRpY2xlVmlldy5odG1sP2lkeG5vPTEzNzY0NjTSAQA')])","Tue, 29 Mar 2022 11:00:00 GMT","<a href=""http://www.domin.co.kr/news/articleView.html?idxno=1376464"" target=""_blank"">'총체적 난국' 전북경제 전망 어둡다</a>&nbsp;&nbsp;<font color=""#6f6f6f"">전북도민일보</font>","OrderedDict([('@url', 'http://www.domin.co.kr'), ('#text', '전북도민일보')])"
"홍남기, 여야 원내대표에 경제동향 보고…추경엔 난색 - 뉴시스",https://newsis.com/view/?id=NISX20220329_0001812602,"OrderedDict([('@isPermaLink', 'false'), ('#text', 'CAIiEIN-rMILWMDmfvRXX_02DVsqGQgEKhAIACoHCAowl7jyCjCTjNECMJqFpAM')])","Tue, 29 Mar 2022 09:29:08 GMT","<a href=""https://newsis.com/view/?id=NISX20220329_0001812602"" target=""_blank"">홍남기, 여야 원내대표에 경제동향 보고…추경엔 난색</a>&nbsp;&nbsp;<font color=""#6f6f6f"">뉴시스</font>","OrderedDict([('@url', 'https://newsis.com'), ('#text', '뉴시스')])"
‘靑 개방시 연 2000억 경제효과’ 분석에…황희 “면밀검토 필요” - 게임동아,https://www.donga.com/news/Politics/article/all/20220329/112587749/2,"OrderedDict([('@isPermaLink', 'false'), ('#text', 'CBMiRGh0dHBzOi8vd3d3LmRvbmdhLmNvbS9uZXdzL1BvbGl0aWNzL2FydGljbGUvYWxsLzIwMjIwMzI5LzExMjU4Nzc0OS8y0gE3aHR0cHM6Ly93d3cuZG9uZ2EuY29tL25ld3MvYW1wL2FsbC8yMDIyMDMyOS8xMTI1ODc3NDkvMg')])","Tue, 29 Mar 2022 04:38:00 GMT","<a href=""https://www.donga.com/news/Politics/article/all/20220329/112587749/2"" target=""_blank"">‘靑 개방시 연 2000억 경제효과’ 분석에…황희 “면밀검토 필요”</a>&nbsp;&nbsp;<font color=""#6f6f6f"">게임동아</font>","OrderedDict([('@url', 'https://www.donga.com'), ('#text', '게임동아')])"
[게시판] 신한은행 '한-베트남 경제협력 산업단지' 금융약정 - 매일경제,https://www.mk.co.kr/news/economy/view/2022/03/281994/,"OrderedDict([('@isPermaLink', 'false'), ('#text', 'CBMiNmh0dHBzOi8vd3d3Lm1rLmNvLmtyL25ld3MvZWNvbm9teS92aWV3LzIwMjIvMDMvMjgxOTk0L9IBOGh0dHBzOi8vbS5tay5jby5rci9uZXdzL2Vjb25vbXkvdmlldy1hbXAvMjAyMi8wMy8yODE5OTQv')])","Tue, 29 Mar 2022 02:05:45 GMT","<a href=""https://www.mk.co.kr/news/economy/view/2022/03/281994/"" target=""_blank"">[게시판] 신한은행 '한-베트남 경제협력 산업단지' 금융약정</a>&nbsp;&nbsp;<font color=""#6f6f6f"">매일경제</font>","OrderedDict([('@url', 'https://www.mk.co.kr'), ('#text', '매일경제')])"
국민의힘 박성효 대전시장 예비후보 “다시 뛰는 대전 경제” - 천지일보,http://www.newscj.com/news/articleView.html?idxno=964159,"OrderedDict([('@isPermaLink', 'false'), ('#text', 'CAIiENXgylU5viYZozNiVW7tIAcqGAgEKg8IACoHCAow3bSRAjCjoC4w2IyTAg')])","Tue, 29 Mar 2022 10:56:17 GMT","<a href=""http://www.newscj.com/news/articleView.html?idxno=964159"" target=""_blank"">국민의힘 박성효 대전시장 예비후보 “다시 뛰는 대전 경제”</a>&nbsp;&nbsp;<font color=""#6f6f6f"">천지일보</font>","OrderedDict([('@url', 'http://www.newscj.com'), ('#text', '천지일보')])"
구로다 라인 무너진 엔화…미국도 `엔저` 눈감았다 - 매일경제,https://www.mk.co.kr/news/world/view/2022/03/284223/,"OrderedDict([('@isPermaLink', 'false'), ('#text', 'CAIiEPX63aHVySOT8fc8XojmcPsqGQgEKhAIACoHCAow2t-aCDDArqABMI6L7AU')])","Tue, 29 Mar 2022 08:29:07 GMT","<a href=""https://www.mk.co.kr/news/world/view/2022/03/284223/"" target=""_blank"">구로다 라인 무너진 엔화…미국도 `엔저` 눈감았다</a>&nbsp;&nbsp;<font color=""#6f6f6f"">매일경제</font>","OrderedDict([('@url', 'https://www.mk.co.kr'), ('#text', '매일경제')])"
"인구 240만 붕괴, 1인당 GRDP 꼴찌…대구 경제지표 '여전히 흐림' - 매일신문",http://news.imaeil.com/page/view/2022032916211698480,"OrderedDict([('@isPermaLink', 'false'), ('#text', 'CBMiNGh0dHA6Ly9uZXdzLmltYWVpbC5jb20vcGFnZS92aWV3LzIwMjIwMzI5MTYyMTE2OTg0ODDSAQA')])","Tue, 29 Mar 2022 07:27:48 GMT","<a href=""http://news.imaeil.com/page/view/2022032916211698480"" target=""_blank"">인구 240만 붕괴, 1인당 GRDP 꼴찌…대구 경제지표 '여전히 흐림'</a>&nbsp;&nbsp;<font color=""#6f6f6f"">매일신문</font>","OrderedDict([('@url', 'http://news.imaeil.com'), ('#text', '매일신문')])"
미국 경제 향방 두고 주식 VS 채권 시장 엇갈린 반응 - 아주경제,https://www.ajunews.com/view/20220329115008127,"OrderedDict([('@isPermaLink', 'false'), ('#text', 'CAIiENoVB9wI7EeQlIOseR9inoAqGAgEKg8IACoHCAowooqjAjD-pEAwgam4Bw')])","Tue, 29 Mar 2022 05:00:25 GMT","<a href=""https://www.ajunews.com/view/20220329115008127"" target=""_blank"">미국 경제 향방 두고 주식 VS 채권 시장 엇갈린 반응</a>&nbsp;&nbsp;<font color=""#6f6f6f"">아주경제</font>","OrderedDict([('@url', 'https://www.ajunews.com'), ('#text', '아주경제')])"
[시평] 수소경제 유통 인프라 혁신 정책 제안 - 투데이에너지,http://www.todayenergy.kr/news/articleView.html?idxno=246656,"OrderedDict([('@isPermaLink', 'false'), ('#text', 'CBMiPGh0dHA6Ly93d3cudG9kYXllbmVyZ3kua3IvbmV3cy9hcnRpY2xlVmlldy5odG1sP2lkeG5vPTI0NjY1NtIBAA')])","Tue, 29 Mar 2022 01:13:00 GMT","<a href=""http://www.todayenergy.kr/news/articleView.html?idxno=246656"" target=""_blank"">[시평] 수소경제 유통 인프라 혁신 정책 제안</a>&nbsp;&nbsp;<font color=""#6f6f6f"">투데이에너지</font>","OrderedDict([('@url', 'http://www.todayenergy.kr'), ('#text', '투데이에너지')])"
‘尹정부 첫 예산’ 638조원 넘는다…핵심은 민간경제 지원 - 게임동아,https://www.donga.com/news/Economy/article/all/20220329/112584925/1,"OrderedDict([('@isPermaLink', 'false'), ('#text', 'CBMiQ2h0dHBzOi8vd3d3LmRvbmdhLmNvbS9uZXdzL0Vjb25vbXkvYXJ0aWNsZS9hbGwvMjAyMjAzMjkvMTEyNTg0OTI1LzHSATdodHRwczovL3d3dy5kb25nYS5jb20vbmV3cy9hbXAvYWxsLzIwMjIwMzI5LzExMjU4NDkyNS8x')])","Tue, 29 Mar 2022 02:16:00 GMT","<a href=""https://www.donga.com/news/Economy/article/all/20220329/112584925/1"" target=""_blank"">‘尹정부 첫 예산’ 638조원 넘는다…핵심은 민간경제 지원</a>&nbsp;&nbsp;<font color=""#6f6f6f"">게임동아</font>","OrderedDict([('@url', 'https://www.donga.com'), ('#text', '게임동아')])"
“최소 희생으로 큰 보상 노린 푸틴…실제론 러시아 경제 타격” - 조선비즈 - 조선비즈,https://biz.chosun.com/international/international_general/2022/03/29/RVFJF55FHBH5TEDN2VAPVN34SM/,"OrderedDict([('@isPermaLink', 'false'), ('#text', 'CBMiYWh0dHBzOi8vYml6LmNob3N1bi5jb20vaW50ZXJuYXRpb25hbC9pbnRlcm5hdGlvbmFsX2dlbmVyYWwvMjAyMi8wMy8yOS9SVkZKRjU1RkhCSDVURUROMlZBUFZOMzRTTS_SAXBodHRwczovL2Jpei5jaG9zdW4uY29tL2ludGVybmF0aW9uYWwvaW50ZXJuYXRpb25hbF9nZW5lcmFsLzIwMjIvMDMvMjkvUlZGSkY1NUZIQkg1VEVETjJWQVBWTjM0U00vP291dHB1dFR5cGU9YW1w')])","Mon, 28 Mar 2022 21:10:00 GMT","<a href=""https://biz.chosun.com/international/international_general/2022/03/29/RVFJF55FHBH5TEDN2VAPVN34SM/"" target=""_blank"">“최소 희생으로 큰 보상 노린 푸틴…실제론 러시아 경제 타격” - 조선비즈</a>&nbsp;&nbsp;<font color=""#6f6f6f"">조선비즈</font>","OrderedDict([('@url', 'https://biz.chosun.com'), ('#text', '조선비즈')])"
"인천사경센터, Social Value Connect Day 4월 개최 - 이로운넷",https://www.eroun.net/news/articleView.html?idxno=27880,"OrderedDict([('@isPermaLink', 'false'), ('#text', 'CAIiECopbS_4bKdl0H9VXgzb0JoqGQgEKhAIACoHCAow-fOXCzCana8DMOaRzgY')])","Tue, 29 Mar 2022 02:16:48 GMT","<a href=""https://www.eroun.net/news/articleView.html?idxno=27880"" target=""_blank"">인천사경센터, Social Value Connect Day 4월 개최</a>&nbsp;&nbsp;<font color=""#6f6f6f"">이로운넷</font>","OrderedDict([('@url', 'https://www.eroun.net'), ('#text', '이로운넷')])"
부고 오민지한국경제TV 글로벌콘텐츠부 기자씨 조부상 - 한국경제TV 산업·IT뉴스,https://www.wowtv.co.kr/NewsCenter/News/Read?articleId=A202203290332,"OrderedDict([('@isPermaLink', 'false'), ('#text', 'CBMiRGh0dHBzOi8vd3d3Lndvd3R2LmNvLmtyL05ld3NDZW50ZXIvTmV3cy9SZWFkP2FydGljbGVJZD1BMjAyMjAzMjkwMzMy0gEA')])","Tue, 29 Mar 2022 12:17:00 GMT","<a href=""https://www.wowtv.co.kr/NewsCenter/News/Read?articleId=A202203290332"" target=""_blank"">부고 오민지한국경제TV 글로벌콘텐츠부 기자씨 조부상</a>&nbsp;&nbsp;<font color=""#6f6f6f"">한국경제TV 산업·IT뉴스</font>","OrderedDict([('@url', 'https://www.wowtv.co.kr'), ('#text', '한국경제TV 산업·IT뉴스')])"
통일문화연구원·매일경제 등 청소년 나눔아카데미 개강 - 매일경제,https://www.mk.co.kr/news/society/view/2022/03/284352/,"OrderedDict([('@isPermaLink', 'false'), ('#text', 'CAIiEMiAx6-nisE2rAeI2m4tUVoqGQgEKhAIACoHCAow2t-aCDDArqABMJ345AU')])","Tue, 29 Mar 2022 08:52:49 GMT","<a href=""https://www.mk.co.kr/news/society/view/2022/03/284352/"" target=""_blank"">통일문화연구원·매일경제 등 청소년 나눔아카데미 개강</a>&nbsp;&nbsp;<font color=""#6f6f6f"">매일경제</font>","OrderedDict([('@url', 'https://www.mk.co.kr'), ('#text', '매일경제')])"
“어려운 시장... 하지만 미국 경제는 여전히 강세” [블룸버그 마켓랩] - 조선일보 - The Chosunilbo,https://www.chosun.com/economy/global-stock/2022/03/29/3NQTZUG5NVBGNMIAURH7ZCRAFA/,"OrderedDict([('@isPermaLink', 'false'), ('#text', 'CBMiUmh0dHBzOi8vd3d3LmNob3N1bi5jb20vZWNvbm9teS9nbG9iYWwtc3RvY2svMjAyMi8wMy8yOS8zTlFUWlVHNU5WQkdOTUlBVVJIN1pDUkFGQS_SAWFodHRwczovL3d3dy5jaG9zdW4uY29tL2Vjb25vbXkvZ2xvYmFsLXN0b2NrLzIwMjIvMDMvMjkvM05RVFpVRzVOVkJHTk1JQVVSSDdaQ1JBRkEvP291dHB1dFR5cGU9YW1w')])","Mon, 28 Mar 2022 20:31:00 GMT","<a href=""https://www.chosun.com/economy/global-stock/2022/03/29/3NQTZUG5NVBGNMIAURH7ZCRAFA/"" target=""_blank"">“어려운 시장... 하지만 미국 경제는 여전히 강세” [블룸버그 마켓랩] - 조선일보</a>&nbsp;&nbsp;<font color=""#6f6f6f"">The Chosunilbo</font>","OrderedDict([('@url', 'https://www.chosun.com'), ('#text', 'The Chosunilbo')])"
고양시사회적경제기업협의회 회장 취임식 및 네트워킹데이 열려 - 고양신문,http://www.mygoyang.com/news/articleView.html?idxno=67346,"OrderedDict([('@isPermaLink', 'false'), ('#text', 'CBMiOWh0dHA6Ly93d3cubXlnb3lhbmcuY29tL25ld3MvYXJ0aWNsZVZpZXcuaHRtbD9pZHhubz02NzM0NtIBPGh0dHA6Ly93d3cubXlnb3lhbmcuY29tL25ld3MvYXJ0aWNsZVZpZXdBbXAuaHRtbD9pZHhubz02NzM0Ng')])","Tue, 29 Mar 2022 13:03:09 GMT","<a href=""http://www.mygoyang.com/news/articleView.html?idxno=67346"" target=""_blank"">고양시사회적경제기업협의회 회장 취임식 및 네트워킹데이 열려</a>&nbsp;&nbsp;<font color=""#6f6f6f"">고양신문</font>","OrderedDict([('@url', 'http://www.mygoyang.com'), ('#text', '고양신문')])"
"고승범 ""금융권, 혁신산업에 돈 흐르게 해야"" - 매일경제",https://www.mk.co.kr/news/economy/view/2022/03/284287/,"OrderedDict([('@isPermaLink', 'false'), ('#text', 'CAIiEMuCIbCXKt1qEX0tEx-fYL8qGQgEKhAIACoHCAow2t-aCDDArqABMNST5AU')])","Tue, 29 Mar 2022 08:39:36 GMT","<a href=""https://www.mk.co.kr/news/economy/view/2022/03/284287/"" target=""_blank"">고승범 ""금융권, 혁신산업에 돈 흐르게 해야""</a>&nbsp;&nbsp;<font color=""#6f6f6f"">매일경제</font>","OrderedDict([('@url', 'https://www.mk.co.kr'), ('#text', '매일경제')])"
"中, 경제수도 상하이 봉쇄… 테슬라 공장도 가동 중단 - 조선일보 - The Chosunilbo",https://www.chosun.com/international/china/2022/03/29/EFSHA5YQE5AEXG3LDBC5VLG234/,"OrderedDict([('@isPermaLink', 'false'), ('#text', 'CBMiUWh0dHBzOi8vd3d3LmNob3N1bi5jb20vaW50ZXJuYXRpb25hbC9jaGluYS8yMDIyLzAzLzI5L0VGU0hBNVlRRTVBRVhHM0xEQkM1VkxHMjM0L9IBYGh0dHBzOi8vd3d3LmNob3N1bi5jb20vaW50ZXJuYXRpb25hbC9jaGluYS8yMDIyLzAzLzI5L0VGU0hBNVlRRTVBRVhHM0xEQkM1VkxHMjM0Lz9vdXRwdXRUeXBlPWFtcA')])","Mon, 28 Mar 2022 18:01:54 GMT","<a href=""https://www.chosun.com/international/china/2022/03/29/EFSHA5YQE5AEXG3LDBC5VLG234/"" target=""_blank"">中, 경제수도 상하이 봉쇄… 테슬라 공장도 가동 중단 - 조선일보</a>&nbsp;&nbsp;<font color=""#6f6f6f"">The Chosunilbo</font>","OrderedDict([('@url', 'https://www.chosun.com'), ('#text', 'The Chosunilbo')])"
진안 특성에 맞는 '진안군 사회적경제 5개년 기본계획’ 수립 첫발 - 전북일보,https://www.jjan.kr/article/20220329580111,"OrderedDict([('@isPermaLink', 'false'), ('#text', 'CBMiKmh0dHBzOi8vd3d3LmpqYW4ua3IvYXJ0aWNsZS8yMDIyMDMyOTU4MDExMdIBLWh0dHBzOi8vd3d3LmpqYW4ua3IvYXJ0aWNsZUFtcC8yMDIyMDMyOTU4MDExMQ')])","Tue, 29 Mar 2022 05:54:00 GMT","<a href=""https://www.jjan.kr/article/20220329580111"" target=""_blank"">진안 특성에 맞는 '진안군 사회적경제 5개년 기본계획’ 수립 첫발</a>&nbsp;&nbsp;<font color=""#6f6f6f"">전북일보</font>","OrderedDict([('@url', 'https://www.jjan.kr'), ('#text', '전북일보')])"
"뉴욕증시, 러시아·우크라 긴장 완화에 상승 출발 - 매일경제",https://www.mk.co.kr/news/stock/view/2022/03/284669/,"OrderedDict([('@isPermaLink', 'false'), ('#text', 'CBMiNGh0dHBzOi8vd3d3Lm1rLmNvLmtyL25ld3Mvc3RvY2svdmlldy8yMDIyLzAzLzI4NDY2OS_SATZodHRwczovL20ubWsuY28ua3IvbmV3cy9zdG9jay92aWV3LWFtcC8yMDIyLzAzLzI4NDY2OS8')])","Tue, 29 Mar 2022 14:16:37 GMT","<a href=""https://www.mk.co.kr/news/stock/view/2022/03/284669/"" target=""_blank"">뉴욕증시, 러시아·우크라 긴장 완화에 상승 출발</a>&nbsp;&nbsp;<font color=""#6f6f6f"">매일경제</font>","OrderedDict([('@url', 'https://www.mk.co.kr'), ('#text', '매일경제')])"
"통계청, 인수위 업무보고…포괄적 연금통계 개발 계획 논의 - 매일경제",https://www.mk.co.kr/news/economy/view/2022/03/284314/,"OrderedDict([('@isPermaLink', 'false'), ('#text', 'CBMiNmh0dHBzOi8vd3d3Lm1rLmNvLmtyL25ld3MvZWNvbm9teS92aWV3LzIwMjIvMDMvMjg0MzE0L9IBOGh0dHBzOi8vbS5tay5jby5rci9uZXdzL2Vjb25vbXkvdmlldy1hbXAvMjAyMi8wMy8yODQzMTQv')])","Tue, 29 Mar 2022 08:45:52 GMT","<a href=""https://www.mk.co.kr/news/economy/view/2022/03/284314/"" target=""_blank"">통계청, 인수위 업무보고…포괄적 연금통계 개발 계획 논의</a>&nbsp;&nbsp;<font color=""#6f6f6f"">매일경제</font>","OrderedDict([('@url', 'https://www.mk.co.kr'), ('#text', '매일경제')])"
"농협경제 축산물위생교육원, 식육창업·취업 교육 - 한국농어민신문",http://www.agrinet.co.kr/news/articleView.html?idxno=308188,"OrderedDict([('@isPermaLink', 'false'), ('#text', 'CBMiO2h0dHA6Ly93d3cuYWdyaW5ldC5jby5rci9uZXdzL2FydGljbGVWaWV3Lmh0bWw_aWR4bm89MzA4MTg40gEA')])","Tue, 29 Mar 2022 09:37:43 GMT","<a href=""http://www.agrinet.co.kr/news/articleView.html?idxno=308188"" target=""_blank"">농협경제 축산물위생교육원, 식육창업·취업 교육</a>&nbsp;&nbsp;<font color=""#6f6f6f"">한국농어민신문</font>","OrderedDict([('@url', 'http://www.agrinet.co.kr'), ('#text', '한국농어민신문')])"
"4월 이후 세계경제는...""전반적 회복세 속 악재도 커” - 중소기업투데이",http://www.sbiztoday.kr/news/articleView.html?idxno=12016,"OrderedDict([('@isPermaLink', 'false'), ('#text', 'CBMiOWh0dHA6Ly93d3cuc2JpenRvZGF5LmtyL25ld3MvYXJ0aWNsZVZpZXcuaHRtbD9pZHhubz0xMjAxNtIBAA')])","Tue, 29 Mar 2022 08:54:44 GMT","<a href=""http://www.sbiztoday.kr/news/articleView.html?idxno=12016"" target=""_blank"">4월 이후 세계경제는...""전반적 회복세 속 악재도 커”</a>&nbsp;&nbsp;<font color=""#6f6f6f"">중소기업투데이</font>","OrderedDict([('@url', 'http://www.sbiztoday.kr'), ('#text', '중소기업투데이')])"
최민호 세종시장 예비후보 “대전-세종 경제자유구역 지정 검토 환영” - 금강일보,http://www.ggilbo.com/news/articleView.html?idxno=903819,"OrderedDict([('@isPermaLink', 'false'), ('#text', 'CBMiOGh0dHA6Ly93d3cuZ2dpbGJvLmNvbS9uZXdzL2FydGljbGVWaWV3Lmh0bWw_aWR4bm89OTAzODE50gE7aHR0cDovL3d3dy5nZ2lsYm8uY29tL25ld3MvYXJ0aWNsZVZpZXdBbXAuaHRtbD9pZHhubz05MDM4MTk')])","Tue, 29 Mar 2022 10:03:00 GMT","<a href=""http://www.ggilbo.com/news/articleView.html?idxno=903819"" target=""_blank"">최민호 세종시장 예비후보 “대전-세종 경제자유구역 지정 검토 환영”</a>&nbsp;&nbsp;<font color=""#6f6f6f"">금강일보</font>","OrderedDict([('@url', 'http://www.ggilbo.com'), ('#text', '금강일보')])"
[오늘의 매일경제TV] 제대혈 줄기세포 배양액 개척자 - 매일경제,https://www.mk.co.kr/news/culture/view/2022/03/284687/,"OrderedDict([('@isPermaLink', 'false'), ('#text', 'CAIiEKL7rx2uXLihbV8bIx6d2CwqGQgEKhAIACoHCAow2t-aCDDArqABMKWPxwY')])","Tue, 29 Mar 2022 15:01:02 GMT","<a href=""https://www.mk.co.kr/news/culture/view/2022/03/284687/"" target=""_blank"">[오늘의 매일경제TV] 제대혈 줄기세포 배양액 개척자</a>&nbsp;&nbsp;<font color=""#6f6f6f"">매일경제</font>","OrderedDict([('@url', 'https://www.mk.co.kr'), ('#text', '매일경제')])"
"조달청 ""청년 벤처 공공판로 지원 확대""…인수위 업무보고 - 매일경제",https://www.mk.co.kr/news/economy/view/2022/03/284341/,"OrderedDict([('@isPermaLink', 'false'), ('#text', 'CBMiNmh0dHBzOi8vd3d3Lm1rLmNvLmtyL25ld3MvZWNvbm9teS92aWV3LzIwMjIvMDMvMjg0MzQxL9IBOGh0dHBzOi8vbS5tay5jby5rci9uZXdzL2Vjb25vbXkvdmlldy1hbXAvMjAyMi8wMy8yODQzNDEv')])","Tue, 29 Mar 2022 08:50:43 GMT","<a href=""https://www.mk.co.kr/news/economy/view/2022/03/284341/"" target=""_blank"">조달청 ""청년 벤처 공공판로 지원 확대""…인수위 업무보고</a>&nbsp;&nbsp;<font color=""#6f6f6f"">매일경제</font>","OrderedDict([('@url', 'https://www.mk.co.kr'), ('#text', '매일경제')])"
"[아주경제 오늘의 뉴스 종합] 靑, 김정숙 고가 의상비 논란에 진화…근거 없는 주장 外 - 아주경제",https://www.ajunews.com/view/20220329215424531,"OrderedDict([('@isPermaLink', 'false'), ('#text', 'CAIiEKuRULp-TbNfnAvcwj83F_gqGAgEKg8IACoHCAowooqjAjD-pEAwgqm4Bw')])","Tue, 29 Mar 2022 12:56:46 GMT","<a href=""https://www.ajunews.com/view/20220329215424531"" target=""_blank"">[아주경제 오늘의 뉴스 종합] 靑, 김정숙 고가 의상비 논란에 진화…근거 없는 주장 外</a>&nbsp;&nbsp;<font color=""#6f6f6f"">아주경제</font>","OrderedDict([('@url', 'https://www.ajunews.com'), ('#text', '아주경제')])"
‘OO경제신문입니다 급등주 추천’…애널부터 언론사까지 사칭 사기 성행 - 아시아경제,https://cm.asiae.co.kr/article/2022032809591820640,"OrderedDict([('@isPermaLink', 'false'), ('#text', 'CBMiMmh0dHBzOi8vY20uYXNpYWUuY28ua3IvYXJ0aWNsZS8yMDIyMDMyODA5NTkxODIwNjQw0gE5aHR0cHM6Ly9jbS5hc2lhZS5jby5rci9hbXB2aWV3Lmh0bT9ubz0yMDIyMDMyODA5NTkxODIwNjQw')])","Tue, 29 Mar 2022 03:30:00 GMT","<a href=""https://cm.asiae.co.kr/article/2022032809591820640"" target=""_blank"">‘OO경제신문입니다 급등주 추천’…애널부터 언론사까지 사칭 사기 성행</a>&nbsp;&nbsp;<font color=""#6f6f6f"">아시아경제</font>","OrderedDict([('@url', 'https://cm.asiae.co.kr'), ('#text', '아시아경제')])"
“새 대통령 우리 사정 알려나?” “경제가 맘대로 되는 게 아니잖나” - 한겨레,https://www.hani.co.kr/arti/economy/economy_general/1034682.html,"OrderedDict([('@isPermaLink', 'false'), ('#text', 'CBMiQGh0dHBzOi8vd3d3LmhhbmkuY28ua3IvYXJ0aS9lY29ub215L2Vjb25vbXlfZ2VuZXJhbC8xMDM0NjgyLmh0bWzSAQA')])","Mon, 14 Mar 2022 07:00:00 GMT","<a href=""https://www.hani.co.kr/arti/economy/economy_general/1034682.html"" target=""_blank"">“새 대통령 우리 사정 알려나?” “경제가 맘대로 되는 게 아니잖나”</a>&nbsp;&nbsp;<font color=""#6f6f6f"">한겨레</font>","OrderedDict([('@url', 'https://www.hani.co.kr'), ('#text', '한겨레')])"
"[포켓이슈] 한국인, 러시아 못 간다?…'막가는' 푸틴 - 매일경제",https://www.mk.co.kr/news/society/view/2022/03/284049/,"OrderedDict([('@isPermaLink', 'false'), ('#text', 'CBMiNmh0dHBzOi8vd3d3Lm1rLmNvLmtyL25ld3Mvc29jaWV0eS92aWV3LzIwMjIvMDMvMjg0MDQ5L9IBOGh0dHBzOi8vbS5tay5jby5rci9uZXdzL3NvY2lldHkvdmlldy1hbXAvMjAyMi8wMy8yODQwNDkv')])","Tue, 29 Mar 2022 08:00:00 GMT","<a href=""https://www.mk.co.kr/news/society/view/2022/03/284049/"" target=""_blank"">[포켓이슈] 한국인, 러시아 못 간다?…'막가는' 푸틴</a>&nbsp;&nbsp;<font color=""#6f6f6f"">매일경제</font>","OrderedDict([('@url', 'https://www.mk.co.kr'), ('#text', '매일경제')])"
“실용·국민 이익 최우선” 尹에…“인플레 파이터” 주문한 경제전문가 - 게임동아,https://www.donga.com/news/Politics/article/all/20220327/112554925/1,"OrderedDict([('@isPermaLink', 'false'), ('#text', 'CBMiRGh0dHBzOi8vd3d3LmRvbmdhLmNvbS9uZXdzL1BvbGl0aWNzL2FydGljbGUvYWxsLzIwMjIwMzI3LzExMjU1NDkyNS8x0gE3aHR0cHM6Ly93d3cuZG9uZ2EuY29tL25ld3MvYW1wL2FsbC8yMDIyMDMyNy8xMTI1NTQ5MjUvMQ')])","Sun, 27 Mar 2022 09:26:00 GMT","<a href=""https://www.donga.com/news/Politics/article/all/20220327/112554925/1"" target=""_blank"">“실용·국민 이익 최우선” 尹에…“인플레 파이터” 주문한 경제전문가</a>&nbsp;&nbsp;<font color=""#6f6f6f"">게임동아</font>","OrderedDict([('@url', 'https://www.donga.com'), ('#text', '게임동아')])"
금융노조 “경제 주치의 '산은' 부산 이전 재검토하라” - 매일노동뉴스,https://www.labortoday.co.kr/news/articleView.html?idxno=208088,"OrderedDict([('@isPermaLink', 'false'), ('#text', 'CBMiP2h0dHBzOi8vd3d3LmxhYm9ydG9kYXkuY28ua3IvbmV3cy9hcnRpY2xlVmlldy5odG1sP2lkeG5vPTIwODA4ONIBAA')])","Mon, 28 Mar 2022 22:30:09 GMT","<a href=""https://www.labortoday.co.kr/news/articleView.html?idxno=208088"" target=""_blank"">금융노조 “경제 주치의 '산은' 부산 이전 재검토하라”</a>&nbsp;&nbsp;<font color=""#6f6f6f"">매일노동뉴스</font>","OrderedDict([('@url', 'https://www.labortoday.co.kr'), ('#text', '매일노동뉴스')])"
"좋은 여건 없는 상황, 누가 돼도 경제 걱정…신종 복합위기 '경고등' - 한겨레",https://www.hani.co.kr/arti/economy/economy_general/1033775.html,"OrderedDict([('@isPermaLink', 'false'), ('#text', 'CBMiQGh0dHBzOi8vd3d3LmhhbmkuY28ua3IvYXJ0aS9lY29ub215L2Vjb25vbXlfZ2VuZXJhbC8xMDMzNzc1Lmh0bWzSAQA')])","Mon, 07 Mar 2022 08:00:00 GMT","<a href=""https://www.hani.co.kr/arti/economy/economy_general/1033775.html"" target=""_blank"">좋은 여건 없는 상황, 누가 돼도 경제 걱정…신종 복합위기 '경고등'</a>&nbsp;&nbsp;<font color=""#6f6f6f"">한겨레</font>","OrderedDict([('@url', 'https://www.hani.co.kr'), ('#text', '한겨레')])"
"""중소기업 전용 T커머스 채널 3년간 경제효과 1조 될 것"" - 한국경제",https://www.hankyung.com/economy/article/202203299134i,"OrderedDict([('@isPermaLink', 'false'), ('#text', 'CAIiEMR6iHdRHvrtTVGyJjIf7y8qGQgEKhAIACoHCAow0__cCjDUitABMMveiQI')])","Tue, 29 Mar 2022 07:12:43 GMT","<a href=""https://www.hankyung.com/economy/article/202203299134i"" target=""_blank"">""중소기업 전용 T커머스 채널 3년간 경제효과 1조 될 것""</a>&nbsp;&nbsp;<font color=""#6f6f6f"">한국경제</font>","OrderedDict([('@url', 'https://www.hankyung.com'), ('#text', '한국경제')])"
"농협경제지주, 농·축산물 유통 혁신…소매사업·온라인 강화 - 한국경제",https://www.hankyung.com/economy/article/2022032975431,"OrderedDict([('@isPermaLink', 'false'), ('#text', 'CAIiEELerLsX9ancQDiwFVvsq-MqGQgEKhAIACoHCAow0__cCjDUitABMMveiQI')])","Tue, 29 Mar 2022 07:04:26 GMT","<a href=""https://www.hankyung.com/economy/article/2022032975431"" target=""_blank"">농협경제지주, 농·축산물 유통 혁신…소매사업·온라인 강화</a>&nbsp;&nbsp;<font color=""#6f6f6f"">한국경제</font>","OrderedDict([('@url', 'https://www.hankyung.com'), ('#text', '한국경제')])"
`이병철 모교`서 기업가정신 배운다 - 매일경제,https://www.mk.co.kr/news/society/view/2022/03/284138/,"OrderedDict([('@isPermaLink', 'false'), ('#text', 'CAIiEIVvzwzbbmEX9FdSjEj-kkUqGQgEKhAIACoHCAow2t-aCDDArqABMJ345AU')])","Tue, 29 Mar 2022 08:14:39 GMT","<a href=""https://www.mk.co.kr/news/society/view/2022/03/284138/"" target=""_blank"">`이병철 모교`서 기업가정신 배운다</a>&nbsp;&nbsp;<font color=""#6f6f6f"">매일경제</font>","OrderedDict([('@url', 'https://www.mk.co.kr'), ('#text', '매일경제')])"
日교과서 `종군위안부` `강제연행` 표현까지 없앴다 - 매일경제,https://www.mk.co.kr/news/society/view/2022/03/284254/,"OrderedDict([('@isPermaLink', 'false'), ('#text', 'CAIiEGkrBUdQFCJ9wkQrjIiWdxMqGQgEKhAIACoHCAow2t-aCDDArqABMJ345AU')])","Tue, 29 Mar 2022 08:34:04 GMT","<a href=""https://www.mk.co.kr/news/society/view/2022/03/284254/"" target=""_blank"">日교과서 `종군위안부` `강제연행` 표현까지 없앴다</a>&nbsp;&nbsp;<font color=""#6f6f6f"">매일경제</font>","OrderedDict([('@url', 'https://www.mk.co.kr'), ('#text', '매일경제')])"
"[피플] ""교수창업이 韓스타트업의 마지막 퍼즐"" - 매일경제",https://www.mk.co.kr/news/it/view/2022/03/284760/,"OrderedDict([('@isPermaLink', 'false'), ('#text', 'CBMiMWh0dHBzOi8vd3d3Lm1rLmNvLmtyL25ld3MvaXQvdmlldy8yMDIyLzAzLzI4NDc2MC_SATNodHRwczovL20ubWsuY28ua3IvbmV3cy9pdC92aWV3LWFtcC8yMDIyLzAzLzI4NDc2MC8')])","Tue, 29 Mar 2022 19:01:01 GMT","<a href=""https://www.mk.co.kr/news/it/view/2022/03/284760/"" target=""_blank"">[피플] ""교수창업이 韓스타트업의 마지막 퍼즐""</a>&nbsp;&nbsp;<font color=""#6f6f6f"">매일경제</font>","OrderedDict([('@url', 'https://www.mk.co.kr'), ('#text', '매일경제')])"
“CPTPP 가입하면 0.33~0.35% 경제 성장 효과” : 글로벌워치 : 경제 : 뉴스 - 한겨레,https://www.hani.co.kr/arti/economy/global/1036268.html,"OrderedDict([('@isPermaLink', 'false'), ('#text', 'CBMiN2h0dHBzOi8vd3d3LmhhbmkuY28ua3IvYXJ0aS9lY29ub215L2dsb2JhbC8xMDM2MjY4Lmh0bWzSAQA')])","Fri, 25 Mar 2022 02:29:20 GMT","<a href=""https://www.hani.co.kr/arti/economy/global/1036268.html"" target=""_blank"">“CPTPP 가입하면 0.33~0.35% 경제 성장 효과” : 글로벌워치 : 경제 : 뉴스</a>&nbsp;&nbsp;<font color=""#6f6f6f"">한겨레</font>","OrderedDict([('@url', 'https://www.hani.co.kr'), ('#text', '한겨레')])"
"인수위 경제 1분과, 기재부 첫 업무보고에서 ‘코로나 이후 재정건전성’ 토론(종합) - 조선비즈 - 조선비즈",https://biz.chosun.com/policy/policy_sub/2022/03/24/CMUHL4K3BND2ZNL5CFVU2KOCGE/,"OrderedDict([('@isPermaLink', 'false'), ('#text', 'CBMiT2h0dHBzOi8vYml6LmNob3N1bi5jb20vcG9saWN5L3BvbGljeV9zdWIvMjAyMi8wMy8yNC9DTVVITDRLM0JORDJaTkw1Q0ZWVTJLT0NHRS_SAV5odHRwczovL2Jpei5jaG9zdW4uY29tL3BvbGljeS9wb2xpY3lfc3ViLzIwMjIvMDMvMjQvQ01VSEw0SzNCTkQyWk5MNUNGVlUyS09DR0UvP291dHB1dFR5cGU9YW1w')])","Thu, 24 Mar 2022 08:25:00 GMT","<a href=""https://biz.chosun.com/policy/policy_sub/2022/03/24/CMUHL4K3BND2ZNL5CFVU2KOCGE/"" target=""_blank"">인수위 경제 1분과, 기재부 첫 업무보고에서 ‘코로나 이후 재정건전성’ 토론(종합) - 조선비즈</a>&nbsp;&nbsp;<font color=""#6f6f6f"">조선비즈</font>","OrderedDict([('@url', 'https://biz.chosun.com'), ('#text', '조선비즈')])"
지난해 반도체 수급난에도 중국 전기차 3인방 날았다 - 아주경제,https://www.ajunews.com/view/20220329095702977,"OrderedDict([('@isPermaLink', 'false'), ('#text', 'CAIiEFApuZ031qzk5JNGEKqf0nsqGAgEKg8IACoHCAowooqjAjD-pEAw_6i4Bw')])","Tue, 29 Mar 2022 09:07:52 GMT","<a href=""https://www.ajunews.com/view/20220329095702977"" target=""_blank"">지난해 반도체 수급난에도 중국 전기차 3인방 날았다</a>&nbsp;&nbsp;<font color=""#6f6f6f"">아주경제</font>","OrderedDict([('@url', 'https://www.ajunews.com'), ('#text', '아주경제')])"
특허 자산 경쟁력 삼성전자 세계1위 - 매일경제,https://www.mk.co.kr/news/business/view/2022/03/280327/,"OrderedDict([('@isPermaLink', 'false'), ('#text', 'CAIiEDj97RZIYACC0OBd7LzFa8UqGQgEKhAIACoHCAow2t-aCDDArqABMKKPxwY')])","Mon, 28 Mar 2022 09:04:04 GMT","<a href=""https://www.mk.co.kr/news/business/view/2022/03/280327/"" target=""_blank"">특허 자산 경쟁력 삼성전자 세계1위</a>&nbsp;&nbsp;<font color=""#6f6f6f"">매일경제</font>","OrderedDict([('@url', 'https://www.mk.co.kr'), ('#text', '매일경제')])"
"삼성전자, 美 정부에 “반도체 지원금, 국적 말고 경제 효과 고려해달라” 호소 - 서울신문",https://www.seoul.co.kr/news/newsView.php?id=20220329500152,"OrderedDict([('@isPermaLink', 'false'), ('#text', 'CAIiEEI9PpcfufMhiH2FuSdJpi8qGAgEKg8IACoHCAow7ar7AjCg5jownPWlAQ')])","Tue, 29 Mar 2022 06:50:00 GMT","<a href=""https://www.seoul.co.kr/news/newsView.php?id=20220329500152"" target=""_blank"">삼성전자, 美 정부에 “반도체 지원금, 국적 말고 경제 효과 고려해달라” 호소</a>&nbsp;&nbsp;<font color=""#6f6f6f"">서울신문</font>","OrderedDict([('@url', 'https://www.seoul.co.kr'), ('#text', '서울신문')])"
"""인신매매 범죄자 강력 처벌""…중국 총리, 철저한 단속 주문 - 매일경제",https://www.mk.co.kr/news/world/view/2022/03/284717/,"OrderedDict([('@isPermaLink', 'false'), ('#text', 'CBMiNGh0dHBzOi8vd3d3Lm1rLmNvLmtyL25ld3Mvd29ybGQvdmlldy8yMDIyLzAzLzI4NDcxNy_SATZodHRwczovL20ubWsuY28ua3IvbmV3cy93b3JsZC92aWV3LWFtcC8yMDIyLzAzLzI4NDcxNy8')])","Tue, 29 Mar 2022 15:35:59 GMT","<a href=""https://www.mk.co.kr/news/world/view/2022/03/284717/"" target=""_blank"">""인신매매 범죄자 강력 처벌""…중국 총리, 철저한 단속 주문</a>&nbsp;&nbsp;<font color=""#6f6f6f"">매일경제</font>","OrderedDict([('@url', 'https://www.mk.co.kr'), ('#text', '매일경제')])"
"""급식 만들 영양사도 없어요""…조리학원에까지 SOS - 매일경제",https://www.mk.co.kr/news/society/view/2022/03/284258/,"OrderedDict([('@isPermaLink', 'false'), ('#text', 'CAIiEAIWXjPWv5jjsSJF7Ss3lsQqGQgEKhAIACoHCAow2t-aCDDArqABMJ345AU')])","Tue, 29 Mar 2022 08:34:15 GMT","<a href=""https://www.mk.co.kr/news/society/view/2022/03/284258/"" target=""_blank"">""급식 만들 영양사도 없어요""…조리학원에까지 SOS</a>&nbsp;&nbsp;<font color=""#6f6f6f"">매일경제</font>","OrderedDict([('@url', 'https://www.mk.co.kr'), ('#text', '매일경제')])"
尹 “기업 방해 요소 제거”… 현대차 겪은 3대 리스크에 답 있다 - 조선일보 - The Chosunilbo,https://www.chosun.com/economy/industry-company/2022/03/29/N3HU6SH2N5BKRNAN2FSPYVR3AU/,"OrderedDict([('@isPermaLink', 'false'), ('#text', 'CBMiVmh0dHBzOi8vd3d3LmNob3N1bi5jb20vZWNvbm9teS9pbmR1c3RyeS1jb21wYW55LzIwMjIvMDMvMjkvTjNIVTZTSDJONUJLUk5BTjJGU1BZVlIzQVUv0gFlaHR0cHM6Ly93d3cuY2hvc3VuLmNvbS9lY29ub215L2luZHVzdHJ5LWNvbXBhbnkvMjAyMi8wMy8yOS9OM0hVNlNIMk41QktSTkFOMkZTUFlWUjNBVS8_b3V0cHV0VHlwZT1hbXA')])","Tue, 29 Mar 2022 03:57:00 GMT","<a href=""https://www.chosun.com/economy/industry-company/2022/03/29/N3HU6SH2N5BKRNAN2FSPYVR3AU/"" target=""_blank"">尹 “기업 방해 요소 제거”… 현대차 겪은 3대 리스크에 답 있다 - 조선일보</a>&nbsp;&nbsp;<font color=""#6f6f6f"">The Chosunilbo</font>","OrderedDict([('@url', 'https://www.chosun.com'), ('#text', 'The Chosunilbo')])"
"자산관리 플랫폼 `베러데이`, 가상자산 시세 조회 서비스 - 매일경제",https://www.mk.co.kr/news/economy/view/2022/03/284578/,"OrderedDict([('@isPermaLink', 'false'), ('#text', 'CAIiEG1EMT66mnFMsKz0xFb7lpEqGQgEKhAIACoHCAow2t-aCDDArqABMNST5AU')])","Tue, 29 Mar 2022 11:30:12 GMT","<a href=""https://www.mk.co.kr/news/economy/view/2022/03/284578/"" target=""_blank"">자산관리 플랫폼 `베러데이`, 가상자산 시세 조회 서비스</a>&nbsp;&nbsp;<font color=""#6f6f6f"">매일경제</font>","OrderedDict([('@url', 'https://www.mk.co.kr'), ('#text', '매일경제')])"
"[단독] “경제관념 없어 매일 택시… 세상 사는 방법을 몰라요” [남겨진 아이들, 그 후] - 서울신문",https://www.seoul.co.kr/news/newsView.php?id=20220330001001,"OrderedDict([('@isPermaLink', 'false'), ('#text', 'CAIiEGcqYpOAhEXhkkqLV7VEkt4qGAgEKg8IACoHCAow7ar7AjCg5jownPWlAQ')])","Tue, 29 Mar 2022 09:10:00 GMT","<a href=""https://www.seoul.co.kr/news/newsView.php?id=20220330001001"" target=""_blank"">[단독] “경제관념 없어 매일 택시… 세상 사는 방법을 몰라요” [남겨진 아이들, 그 후]</a>&nbsp;&nbsp;<font color=""#6f6f6f"">서울신문</font>","OrderedDict([('@url', 'https://www.seoul.co.kr'), ('#text', '서울신문')])"
"윤 당선자, 경제6단체장 도시락 오찬…MB처럼 '핫라인' 부활 약속 - 한겨레",https://www.hani.co.kr/arti/politics/politics_general/1035681.html,"OrderedDict([('@isPermaLink', 'false'), ('#text', 'CBMiQmh0dHBzOi8vd3d3LmhhbmkuY28ua3IvYXJ0aS9wb2xpdGljcy9wb2xpdGljc19nZW5lcmFsLzEwMzU2ODEuaHRtbNIBAA')])","Mon, 21 Mar 2022 08:33:28 GMT","<a href=""https://www.hani.co.kr/arti/politics/politics_general/1035681.html"" target=""_blank"">윤 당선자, 경제6단체장 도시락 오찬…MB처럼 '핫라인' 부활 약속</a>&nbsp;&nbsp;<font color=""#6f6f6f"">한겨레</font>","OrderedDict([('@url', 'https://www.hani.co.kr'), ('#text', '한겨레')])"
美 내년 예산안 7100조원…재정적자 감축나선다 - 매일경제,https://www.mk.co.kr/news/world/view/2022/03/284210/,"OrderedDict([('@isPermaLink', 'false'), ('#text', 'CAIiENKbsFNniUpDpH1RffhlTDsqGQgEKhAIACoHCAow2t-aCDDArqABMI6L7AU')])","Tue, 29 Mar 2022 08:26:19 GMT","<a href=""https://www.mk.co.kr/news/world/view/2022/03/284210/"" target=""_blank"">美 내년 예산안 7100조원…재정적자 감축나선다</a>&nbsp;&nbsp;<font color=""#6f6f6f"">매일경제</font>","OrderedDict([('@url', 'https://www.mk.co.kr'), ('#text', '매일경제')])"
"경기도, 산업단지 공유경제 활성화한다 - 인더스트리뉴스",https://www.industrynews.co.kr/news/articleView.html?idxno=45530,"OrderedDict([('@isPermaLink', 'false'), ('#text', 'CAIiEJqeBWSZS27VBqvaOSLNK9cqGQgEKhAIACoHCAow7rb_CjCQ6fgCMMzm6wU')])","Tue, 29 Mar 2022 01:34:16 GMT","<a href=""https://www.industrynews.co.kr/news/articleView.html?idxno=45530"" target=""_blank"">경기도, 산업단지 공유경제 활성화한다</a>&nbsp;&nbsp;<font color=""#6f6f6f"">인더스트리뉴스</font>","OrderedDict([('@url', 'https://www.industrynews.co.kr'), ('#text', '인더스트리뉴스')])"
"“정부 주도의 우주 경제 육성, 한계 직면했다” - 한겨레",https://www.hani.co.kr/arti/economy/marketing/1036296.html,"OrderedDict([('@isPermaLink', 'false'), ('#text', 'CBMiOmh0dHBzOi8vd3d3LmhhbmkuY28ua3IvYXJ0aS9lY29ub215L21hcmtldGluZy8xMDM2Mjk2Lmh0bWzSAQA')])","Fri, 25 Mar 2022 06:14:19 GMT","<a href=""https://www.hani.co.kr/arti/economy/marketing/1036296.html"" target=""_blank"">“정부 주도의 우주 경제 육성, 한계 직면했다”</a>&nbsp;&nbsp;<font color=""#6f6f6f"">한겨레</font>","OrderedDict([('@url', 'https://www.hani.co.kr'), ('#text', '한겨레')])"
빚 쌓이는 직장인…1년 만에 450만원 급증 - 매일경제,https://www.mk.co.kr/news/economy/view/2022/03/284320/,"OrderedDict([('@isPermaLink', 'false'), ('#text', 'CAIiECB0hZ4xEuR0o8gcagn2sQEqGQgEKhAIACoHCAow2t-aCDDArqABMNST5AU')])","Tue, 29 Mar 2022 08:47:29 GMT","<a href=""https://www.mk.co.kr/news/economy/view/2022/03/284320/"" target=""_blank"">빚 쌓이는 직장인…1년 만에 450만원 급증</a>&nbsp;&nbsp;<font color=""#6f6f6f"">매일경제</font>","OrderedDict([('@url', 'https://www.mk.co.kr'), ('#text', '매일경제')])"
[WEEKLY BIZ LETTER] 세계경제 빈곤이 몰려온다 - 조선일보 - The Chosunilbo,https://www.chosun.com/economy/mint/2022/03/28/2IPXRAFBDNE5PIKDRFUB2ANUBU/,"OrderedDict([('@isPermaLink', 'false'), ('#text', 'CBMiSmh0dHBzOi8vd3d3LmNob3N1bi5jb20vZWNvbm9teS9taW50LzIwMjIvMDMvMjgvMklQWFJBRkJETkU1UElLRFJGVUIyQU5VQlUv0gFZaHR0cHM6Ly93d3cuY2hvc3VuLmNvbS9lY29ub215L21pbnQvMjAyMi8wMy8yOC8ySVBYUkFGQkRORTVQSUtEUkZVQjJBTlVCVS8_b3V0cHV0VHlwZT1hbXA')])","Mon, 28 Mar 2022 09:43:00 GMT","<a href=""https://www.chosun.com/economy/mint/2022/03/28/2IPXRAFBDNE5PIKDRFUB2ANUBU/"" target=""_blank"">[WEEKLY BIZ LETTER] 세계경제 빈곤이 몰려온다 - 조선일보</a>&nbsp;&nbsp;<font color=""#6f6f6f"">The Chosunilbo</font>","OrderedDict([('@url', 'https://www.chosun.com'), ('#text', 'The Chosunilbo')])"
명품만 입는 김정은·푸틴…나라경제 추락해도 사치는 여전 [김유민의 돋보기] - 서울신문,https://www.seoul.co.kr/news/newsView.php?id=20220329500137,"OrderedDict([('@isPermaLink', 'false'), ('#text', 'CAIiEO7KK-NABI3ygwbGN-_8OTUqGAgEKg8IACoHCAow7ar7AjCg5jownPWlAQ')])","Tue, 29 Mar 2022 06:21:00 GMT","<a href=""https://www.seoul.co.kr/news/newsView.php?id=20220329500137"" target=""_blank"">명품만 입는 김정은·푸틴…나라경제 추락해도 사치는 여전 [김유민의 돋보기]</a>&nbsp;&nbsp;<font color=""#6f6f6f"">서울신문</font>","OrderedDict([('@url', 'https://www.seoul.co.kr'), ('#text', '서울신문')])"
울산대 전쟁 고통 겪는 우크라이나 유학생 장학금 전달 - 매일경제,https://www.mk.co.kr/news/society/view/2022/03/283811/,"OrderedDict([('@isPermaLink', 'false'), ('#text', 'CAIiECtia2vLRqAmOR9tomil7LEqGQgEKhAIACoHCAow2t-aCDDArqABMJ345AU')])","Tue, 29 Mar 2022 07:17:02 GMT","<a href=""https://www.mk.co.kr/news/society/view/2022/03/283811/"" target=""_blank"">울산대 전쟁 고통 겪는 우크라이나 유학생 장학금 전달</a>&nbsp;&nbsp;<font color=""#6f6f6f"">매일경제</font>","OrderedDict([('@url', 'https://www.mk.co.kr'), ('#text', '매일경제')])"
[포토] 고궁에 찾아온 봄 - 매일경제,https://www.mk.co.kr/news/society/view/2022/03/284371/,"OrderedDict([('@isPermaLink', 'false'), ('#text', 'CAIiEFYHvyToRpxp0vRPwyWDQY4qGQgEKhAIACoHCAow2t-aCDDArqABMJ345AU')])","Tue, 29 Mar 2022 08:55:33 GMT","<a href=""https://www.mk.co.kr/news/society/view/2022/03/284371/"" target=""_blank"">[포토] 고궁에 찾아온 봄</a>&nbsp;&nbsp;<font color=""#6f6f6f"">매일경제</font>","OrderedDict([('@url', 'https://www.mk.co.kr'), ('#text', '매일경제')])"
"최태원 “포스트 코로나 시대, 디지털 기반 갖추고 경제·안보 힘 합쳐야” - 조선비즈",https://biz.chosun.com/industry/company/2022/03/24/KAQP4S4FDRDSXGWUCYZIUW455A/,"OrderedDict([('@isPermaLink', 'false'), ('#text', 'CBMiTmh0dHBzOi8vYml6LmNob3N1bi5jb20vaW5kdXN0cnkvY29tcGFueS8yMDIyLzAzLzI0L0tBUVA0UzRGRFJEU1hHV1VDWVpJVVc0NTVBL9IBAA')])","Thu, 24 Mar 2022 01:00:00 GMT","<a href=""https://biz.chosun.com/industry/company/2022/03/24/KAQP4S4FDRDSXGWUCYZIUW455A/"" target=""_blank"">최태원 “포스트 코로나 시대, 디지털 기반 갖추고 경제·안보 힘 합쳐야”</a>&nbsp;&nbsp;<font color=""#6f6f6f"">조선비즈</font>","OrderedDict([('@url', 'https://biz.chosun.com'), ('#text', '조선비즈')])"
고려대 교우회장에 승명호 동화그룹 회장 - 매일경제,https://www.mk.co.kr/news/society/view/2022/03/284478/,"OrderedDict([('@isPermaLink', 'false'), ('#text', 'CAIiEKV_nC33Ea1ZzWuyFVGjfccqGQgEKhAIACoHCAow2t-aCDDArqABMJ345AU')])","Tue, 29 Mar 2022 10:22:10 GMT","<a href=""https://www.mk.co.kr/news/society/view/2022/03/284478/"" target=""_blank"">고려대 교우회장에 승명호 동화그룹 회장</a>&nbsp;&nbsp;<font color=""#6f6f6f"">매일경제</font>","OrderedDict([('@url', 'https://www.mk.co.kr'), ('#text', '매일경제')])"
"코로나 증세에도 검사거부…""회사 초토화 됐습니다"" - 매일경제",https://www.mk.co.kr/news/society/view/2022/03/284276/,"OrderedDict([('@isPermaLink', 'false'), ('#text', 'CAIiEKabNmRUcMDrsuL4ED4cKEEqGQgEKhAIACoHCAow2t-aCDDArqABMJ345AU')])","Tue, 29 Mar 2022 08:37:55 GMT","<a href=""https://www.mk.co.kr/news/society/view/2022/03/284276/"" target=""_blank"">코로나 증세에도 검사거부…""회사 초토화 됐습니다""</a>&nbsp;&nbsp;<font color=""#6f6f6f"">매일경제</font>","OrderedDict([('@url', 'https://www.mk.co.kr'), ('#text', '매일경제')])"
[단독]尹 당선인 경제단체 중 첫 방문지로 무역협회 선택(종합) - 아시아경제,https://cm.asiae.co.kr/article/2022032910593311209,"OrderedDict([('@isPermaLink', 'false'), ('#text', 'CBMiMmh0dHBzOi8vY20uYXNpYWUuY28ua3IvYXJ0aWNsZS8yMDIyMDMyOTEwNTkzMzExMjA50gE5aHR0cHM6Ly9jbS5hc2lhZS5jby5rci9hbXB2aWV3Lmh0bT9ubz0yMDIyMDMyOTEwNTkzMzExMjA5')])","Tue, 29 Mar 2022 01:40:00 GMT","<a href=""https://cm.asiae.co.kr/article/2022032910593311209"" target=""_blank"">[단독]尹 당선인 경제단체 중 첫 방문지로 무역협회 선택(종합)</a>&nbsp;&nbsp;<font color=""#6f6f6f"">아시아경제</font>","OrderedDict([('@url', 'https://cm.asiae.co.kr'), ('#text', '아시아경제')])"
檢 삼성웰스토리 수사 속도…최지성·정현호 피의자 입건 - 매일경제,https://www.mk.co.kr/news/society/view/2022/03/284609/,"OrderedDict([('@isPermaLink', 'false'), ('#text', 'CAIiEKJCfG5Fzd23eVpBbiVwbeUqGQgEKhAIACoHCAow2t-aCDDArqABMJ345AU')])","Tue, 29 Mar 2022 12:23:54 GMT","<a href=""https://www.mk.co.kr/news/society/view/2022/03/284609/"" target=""_blank"">檢 삼성웰스토리 수사 속도…최지성·정현호 피의자 입건</a>&nbsp;&nbsp;<font color=""#6f6f6f"">매일경제</font>","OrderedDict([('@url', 'https://www.mk.co.kr'), ('#text', '매일경제')])"
"군항제 취소 아쉬움 달랜다…창원시, 벚꽃 명소서 라이브커머스 - 매일경제",https://www.mk.co.kr/news/society/view/2022/03/283251/,"OrderedDict([('@isPermaLink', 'false'), ('#text', 'CBMiNmh0dHBzOi8vd3d3Lm1rLmNvLmtyL25ld3Mvc29jaWV0eS92aWV3LzIwMjIvMDMvMjgzMjUxL9IBOGh0dHBzOi8vbS5tay5jby5rci9uZXdzL3NvY2lldHkvdmlldy1hbXAvMjAyMi8wMy8yODMyNTEv')])","Tue, 29 Mar 2022 06:01:44 GMT","<a href=""https://www.mk.co.kr/news/society/view/2022/03/283251/"" target=""_blank"">군항제 취소 아쉬움 달랜다…창원시, 벚꽃 명소서 라이브커머스</a>&nbsp;&nbsp;<font color=""#6f6f6f"">매일경제</font>","OrderedDict([('@url', 'https://www.mk.co.kr'), ('#text', '매일경제')])"
"[이진우 칼럼] 위기돌파, C테크에 달렸다 - 매일경제",https://www.mk.co.kr/opinion/columnists/view/2022/03/284703/?sc=30500146,"OrderedDict([('@isPermaLink', 'false'), ('#text', 'CBMiSGh0dHBzOi8vd3d3Lm1rLmNvLmtyL29waW5pb24vY29sdW1uaXN0cy92aWV3LzIwMjIvMDMvMjg0NzAzLz9zYz0zMDUwMDE0NtIBPmh0dHBzOi8vbS5tay5jby5rci9vcGluaW9uL2NvbHVtbmlzdHMvdmlldy1hbXAvMjAyMi8wMy8yODQ3MDMv')])","Tue, 29 Mar 2022 15:07:01 GMT","<a href=""https://www.mk.co.kr/opinion/columnists/view/2022/03/284703/?sc=30500146"" target=""_blank"">[이진우 칼럼] 위기돌파, C테크에 달렸다</a>&nbsp;&nbsp;<font color=""#6f6f6f"">매일경제</font>","OrderedDict([('@url', 'https://www.mk.co.kr'), ('#text', '매일경제')])"
[인사] 울산시 - 매일경제,https://www.mk.co.kr/news/society/view/2022/03/283007/,"OrderedDict([('@isPermaLink', 'false'), ('#text', 'CBMiNmh0dHBzOi8vd3d3Lm1rLmNvLmtyL25ld3Mvc29jaWV0eS92aWV3LzIwMjIvMDMvMjgzMDA3L9IBOGh0dHBzOi8vbS5tay5jby5rci9uZXdzL3NvY2lldHkvdmlldy1hbXAvMjAyMi8wMy8yODMwMDcv')])","Tue, 29 Mar 2022 05:26:49 GMT","<a href=""https://www.mk.co.kr/news/society/view/2022/03/283007/"" target=""_blank"">[인사] 울산시</a>&nbsp;&nbsp;<font color=""#6f6f6f"">매일경제</font>","OrderedDict([('@url', 'https://www.mk.co.kr'), ('#text', '매일경제')])"
[부음] 추태옥씨 별세 외 - 매일경제,https://www.mk.co.kr/news/society/view/2022/03/284345/,"OrderedDict([('@isPermaLink', 'false'), ('#text', 'CAIiELlIc4H4TlfORRlCZLRD6eAqGQgEKhAIACoHCAow2t-aCDDArqABMJ345AU')])","Tue, 29 Mar 2022 08:52:03 GMT","<a href=""https://www.mk.co.kr/news/society/view/2022/03/284345/"" target=""_blank"">[부음] 추태옥씨 별세 외</a>&nbsp;&nbsp;<font color=""#6f6f6f"">매일경제</font>","OrderedDict([('@url', 'https://www.mk.co.kr'), ('#text', '매일경제')])"
사회적경제는 괜찮은 일자리를 제공하고 있을까? - 한겨레,https://www.hani.co.kr/arti/economy/economy_general/1035737.html,"OrderedDict([('@isPermaLink', 'false'), ('#text', 'CBMiQGh0dHBzOi8vd3d3LmhhbmkuY28ua3IvYXJ0aS9lY29ub215L2Vjb25vbXlfZ2VuZXJhbC8xMDM1NzM3Lmh0bWzSAQA')])","Tue, 22 Mar 2022 00:51:51 GMT","<a href=""https://www.hani.co.kr/arti/economy/economy_general/1035737.html"" target=""_blank"">사회적경제는 괜찮은 일자리를 제공하고 있을까?</a>&nbsp;&nbsp;<font color=""#6f6f6f"">한겨레</font>","OrderedDict([('@url', 'https://www.hani.co.kr'), ('#text', '한겨레')])"
"심평원 장준호 부장, OECD 보건위원회 전문가그룹 의장단 선출 - 매일경제",https://www.mk.co.kr/news/society/view/2022/03/283796/,"OrderedDict([('@isPermaLink', 'false'), ('#text', 'CBMiNmh0dHBzOi8vd3d3Lm1rLmNvLmtyL25ld3Mvc29jaWV0eS92aWV3LzIwMjIvMDMvMjgzNzk2L9IBOGh0dHBzOi8vbS5tay5jby5rci9uZXdzL3NvY2lldHkvdmlldy1hbXAvMjAyMi8wMy8yODM3OTYv')])","Tue, 29 Mar 2022 07:12:44 GMT","<a href=""https://www.mk.co.kr/news/society/view/2022/03/283796/"" target=""_blank"">심평원 장준호 부장, OECD 보건위원회 전문가그룹 의장단 선출</a>&nbsp;&nbsp;<font color=""#6f6f6f"">매일경제</font>","OrderedDict([('@url', 'https://www.mk.co.kr'), ('#text', '매일경제')])"
"“韓 경제, 올해 3% 성장 힘들다”…우크라 전쟁 충격에 경기둔화 파열음 - 조선비즈 - 조선비즈",https://biz.chosun.com/policy/policy_sub/2022/03/20/PKLE4EGKZRDZPFEQIJ6ENUTZTQ/,"OrderedDict([('@isPermaLink', 'false'), ('#text', 'CBMiT2h0dHBzOi8vYml6LmNob3N1bi5jb20vcG9saWN5L3BvbGljeV9zdWIvMjAyMi8wMy8yMC9QS0xFNEVHS1pSRFpQRkVRSUo2RU5VVFpUUS_SAV5odHRwczovL2Jpei5jaG9zdW4uY29tL3BvbGljeS9wb2xpY3lfc3ViLzIwMjIvMDMvMjAvUEtMRTRFR0taUkRaUEZFUUlKNkVOVVRaVFEvP291dHB1dFR5cGU9YW1w')])","Sat, 19 Mar 2022 21:00:00 GMT","<a href=""https://biz.chosun.com/policy/policy_sub/2022/03/20/PKLE4EGKZRDZPFEQIJ6ENUTZTQ/"" target=""_blank"">“韓 경제, 올해 3% 성장 힘들다”…우크라 전쟁 충격에 경기둔화 파열음 - 조선비즈</a>&nbsp;&nbsp;<font color=""#6f6f6f"">조선비즈</font>","OrderedDict([('@url', 'https://biz.chosun.com'), ('#text', '조선비즈')])"
"""빠져도 너무 많이 빠졌다""…증권가가 콕 찍은 이 종목 - 매일경제",https://www.mk.co.kr/news/stock/view/2022/03/284364/,"OrderedDict([('@isPermaLink', 'false'), ('#text', 'CAIiEB4nYUqv4eDzFB5yKMqNOjEqGQgEKhAIACoHCAow2t-aCDDArqABMKOPxwY')])","Tue, 29 Mar 2022 08:54:29 GMT","<a href=""https://www.mk.co.kr/news/stock/view/2022/03/284364/"" target=""_blank"">""빠져도 너무 많이 빠졌다""…증권가가 콕 찍은 이 종목</a>&nbsp;&nbsp;<font color=""#6f6f6f"">매일경제</font>","OrderedDict([('@url', 'https://www.mk.co.kr'), ('#text', '매일경제')])"
"공기청정기가 코로나도 잡아요…디케이, 공기청정살균기 선봬 - 매일경제",https://www.mk.co.kr/news/society/view/2022/03/284136/,"OrderedDict([('@isPermaLink', 'false'), ('#text', 'CAIiEHE60vGMbIL8t-hJigjlsKEqGQgEKhAIACoHCAow2t-aCDDArqABMJ345AU')])","Tue, 29 Mar 2022 08:14:29 GMT","<a href=""https://www.mk.co.kr/news/society/view/2022/03/284136/"" target=""_blank"">공기청정기가 코로나도 잡아요…디케이, 공기청정살균기 선봬</a>&nbsp;&nbsp;<font color=""#6f6f6f"">매일경제</font>","OrderedDict([('@url', 'https://www.mk.co.kr'), ('#text', '매일경제')])"
인천·대전·울산…전현직 시장 대결 후끈 - 매일경제,https://www.mk.co.kr/news/society/view/2022/03/284139/,"OrderedDict([('@isPermaLink', 'false'), ('#text', 'CAIiEEyL3vBptNBbvI8GMldilm4qGQgEKhAIACoHCAow2t-aCDDArqABMJ345AU')])","Tue, 29 Mar 2022 08:14:44 GMT","<a href=""https://www.mk.co.kr/news/society/view/2022/03/284139/"" target=""_blank"">인천·대전·울산…전현직 시장 대결 후끈</a>&nbsp;&nbsp;<font color=""#6f6f6f"">매일경제</font>","OrderedDict([('@url', 'https://www.mk.co.kr'), ('#text', '매일경제')])"
경제부총리 등 새 정부 경제라인에 누가 임명될까? - 한겨레,https://www.hani.co.kr/arti/economy/economy_general/1034297.html,"OrderedDict([('@isPermaLink', 'false'), ('#text', 'CBMiQGh0dHBzOi8vd3d3LmhhbmkuY28ua3IvYXJ0aS9lY29ub215L2Vjb25vbXlfZ2VuZXJhbC8xMDM0Mjk3Lmh0bWzSAQA')])","Thu, 10 Mar 2022 08:00:00 GMT","<a href=""https://www.hani.co.kr/arti/economy/economy_general/1034297.html"" target=""_blank"">경제부총리 등 새 정부 경제라인에 누가 임명될까?</a>&nbsp;&nbsp;<font color=""#6f6f6f"">한겨레</font>","OrderedDict([('@url', 'https://www.hani.co.kr'), ('#text', '한겨레')])"
"정읍시의원, 부친 장례 부의금 1천만원 장학금 기탁 - 매일경제",https://www.mk.co.kr/news/society/view/2022/03/283299/,"OrderedDict([('@isPermaLink', 'false'), ('#text', 'CBMiNmh0dHBzOi8vd3d3Lm1rLmNvLmtyL25ld3Mvc29jaWV0eS92aWV3LzIwMjIvMDMvMjgzMjk5L9IBOGh0dHBzOi8vbS5tay5jby5rci9uZXdzL3NvY2lldHkvdmlldy1hbXAvMjAyMi8wMy8yODMyOTkv')])","Tue, 29 Mar 2022 06:05:06 GMT","<a href=""https://www.mk.co.kr/news/society/view/2022/03/283299/"" target=""_blank"">정읍시의원, 부친 장례 부의금 1천만원 장학금 기탁</a>&nbsp;&nbsp;<font color=""#6f6f6f"">매일경제</font>","OrderedDict([('@url', 'https://www.mk.co.kr'), ('#text', '매일경제')])"
대화는 ‘쿼드’ 먼저 인수위엔 ‘中경제통’…尹 안보·경제 분리 기조 본격화 - 조선비즈 - 조선비즈,https://biz.chosun.com/policy/politics/election2022/2022/03/20/SPW6VHUN2NADXGYXETXBRIXWNM/,"OrderedDict([('@isPermaLink', 'false'), ('#text', 'CBMiWmh0dHBzOi8vYml6LmNob3N1bi5jb20vcG9saWN5L3BvbGl0aWNzL2VsZWN0aW9uMjAyMi8yMDIyLzAzLzIwL1NQVzZWSFVOMk5BRFhHWVhFVFhCUklYV05NL9IBaWh0dHBzOi8vYml6LmNob3N1bi5jb20vcG9saWN5L3BvbGl0aWNzL2VsZWN0aW9uMjAyMi8yMDIyLzAzLzIwL1NQVzZWSFVOMk5BRFhHWVhFVFhCUklYV05NLz9vdXRwdXRUeXBlPWFtcA')])","Sat, 19 Mar 2022 21:00:00 GMT","<a href=""https://biz.chosun.com/policy/politics/election2022/2022/03/20/SPW6VHUN2NADXGYXETXBRIXWNM/"" target=""_blank"">대화는 ‘쿼드’ 먼저 인수위엔 ‘中경제통’…尹 안보·경제 분리 기조 본격화 - 조선비즈</a>&nbsp;&nbsp;<font color=""#6f6f6f"">조선비즈</font>","OrderedDict([('@url', 'https://biz.chosun.com'), ('#text', '조선비즈')])"
제2 `n번방` 사건 막을 디지털성범죄센터 개관 - 매일경제,https://www.mk.co.kr/news/society/view/2022/03/284255/,"OrderedDict([('@isPermaLink', 'false'), ('#text', 'CAIiEL1v67-GOJ1Dbt_i0YRUPI4qGQgEKhAIACoHCAow2t-aCDDArqABMJ345AU')])","Tue, 29 Mar 2022 08:34:09 GMT","<a href=""https://www.mk.co.kr/news/society/view/2022/03/284255/"" target=""_blank"">제2 `n번방` 사건 막을 디지털성범죄센터 개관</a>&nbsp;&nbsp;<font color=""#6f6f6f"">매일경제</font>","OrderedDict([('@url', 'https://www.mk.co.kr'), ('#text', '매일경제')])"
"[트렌드] ""스포츠중계 품질 높였더니…남성 가입 쑥"" - 매일경제",https://www.mk.co.kr/news/it/view/2022/03/284769/,"OrderedDict([('@isPermaLink', 'false'), ('#text', 'CBMiMWh0dHBzOi8vd3d3Lm1rLmNvLmtyL25ld3MvaXQvdmlldy8yMDIyLzAzLzI4NDc2OS_SATNodHRwczovL20ubWsuY28ua3IvbmV3cy9pdC92aWV3LWFtcC8yMDIyLzAzLzI4NDc2OS8')])","Tue, 29 Mar 2022 19:01:02 GMT","<a href=""https://www.mk.co.kr/news/it/view/2022/03/284769/"" target=""_blank"">[트렌드] ""스포츠중계 품질 높였더니…남성 가입 쑥""</a>&nbsp;&nbsp;<font color=""#6f6f6f"">매일경제</font>","OrderedDict([('@url', 'https://www.mk.co.kr'), ('#text', '매일경제')])"
[포토] 상공의날 기념식 - 매일경제,https://www.mk.co.kr/news/economy/view/2022/03/284275/,"OrderedDict([('@isPermaLink', 'false'), ('#text', 'CAIiEItPKRVFFRVGe9srEl8QNbEqGQgEKhAIACoHCAow2t-aCDDArqABMNST5AU')])","Tue, 29 Mar 2022 08:37:54 GMT","<a href=""https://www.mk.co.kr/news/economy/view/2022/03/284275/"" target=""_blank"">[포토] 상공의날 기념식</a>&nbsp;&nbsp;<font color=""#6f6f6f"">매일경제</font>","OrderedDict([('@url', 'https://www.mk.co.kr'), ('#text', '매일경제')])"
"공군-대전일자리경제진흥원, 장병 창업지원 MOU - 금강일보",http://www.ggilbo.com/news/articleView.html?idxno=903785,"OrderedDict([('@isPermaLink', 'false'), ('#text', 'CBMiOGh0dHA6Ly93d3cuZ2dpbGJvLmNvbS9uZXdzL2FydGljbGVWaWV3Lmh0bWw_aWR4bm89OTAzNzg10gE7aHR0cDovL3d3dy5nZ2lsYm8uY29tL25ld3MvYXJ0aWNsZVZpZXdBbXAuaHRtbD9pZHhubz05MDM3ODU')])","Tue, 29 Mar 2022 09:12:00 GMT","<a href=""http://www.ggilbo.com/news/articleView.html?idxno=903785"" target=""_blank"">공군-대전일자리경제진흥원, 장병 창업지원 MOU</a>&nbsp;&nbsp;<font color=""#6f6f6f"">금강일보</font>","OrderedDict([('@url', 'http://www.ggilbo.com'), ('#text', '금강일보')])"
"거래소, 오스템임플란트 거래재개 결정 연기 - 매일경제",https://www.mk.co.kr/news/stock/view/2022/03/284569/,"OrderedDict([('@isPermaLink', 'false'), ('#text', 'CAIiEE9pzahSNdouC_j1lbqLapAqGQgEKhAIACoHCAow2t-aCDDArqABMKOPxwY')])","Tue, 29 Mar 2022 11:20:57 GMT","<a href=""https://www.mk.co.kr/news/stock/view/2022/03/284569/"" target=""_blank"">거래소, 오스템임플란트 거래재개 결정 연기</a>&nbsp;&nbsp;<font color=""#6f6f6f"">매일경제</font>","OrderedDict([('@url', 'https://www.mk.co.kr'), ('#text', '매일경제')])"
"한화솔루션, PVC 이어 첨단소재부문까지 투자받는다 - 매일경제",https://www.mk.co.kr/news/stock/view/2022/03/284625/,"OrderedDict([('@isPermaLink', 'false'), ('#text', 'CAIiEBbVi_BK6ZyDhXpsj2rgIKIqGQgEKhAIACoHCAow2t-aCDDArqABMKOPxwY')])","Tue, 29 Mar 2022 12:44:20 GMT","<a href=""https://www.mk.co.kr/news/stock/view/2022/03/284625/"" target=""_blank"">한화솔루션, PVC 이어 첨단소재부문까지 투자받는다</a>&nbsp;&nbsp;<font color=""#6f6f6f"">매일경제</font>","OrderedDict([('@url', 'https://www.mk.co.kr'), ('#text', '매일경제')])"
이슬람 야영장 추진에 일부 연천 주민 반대 운동 - 매일경제,https://www.mk.co.kr/news/society/view/2022/03/284298/,"OrderedDict([('@isPermaLink', 'false'), ('#text', 'CBMiNmh0dHBzOi8vd3d3Lm1rLmNvLmtyL25ld3Mvc29jaWV0eS92aWV3LzIwMjIvMDMvMjg0Mjk4L9IBOGh0dHBzOi8vbS5tay5jby5rci9uZXdzL3NvY2lldHkvdmlldy1hbXAvMjAyMi8wMy8yODQyOTgv')])","Tue, 29 Mar 2022 08:41:33 GMT","<a href=""https://www.mk.co.kr/news/society/view/2022/03/284298/"" target=""_blank"">이슬람 야영장 추진에 일부 연천 주민 반대 운동</a>&nbsp;&nbsp;<font color=""#6f6f6f"">매일경제</font>","OrderedDict([('@url', 'https://www.mk.co.kr'), ('#text', '매일경제')])"
오일쇼크에 스태그플레이션 우려까지…한국 경제 '시계제로' - 한겨레,https://www.hani.co.kr/arti/economy/economy_general/1034098.html,"OrderedDict([('@isPermaLink', 'false'), ('#text', 'CBMiQGh0dHBzOi8vd3d3LmhhbmkuY28ua3IvYXJ0aS9lY29ub215L2Vjb25vbXlfZ2VuZXJhbC8xMDM0MDk4Lmh0bWzSAQA')])","Tue, 08 Mar 2022 08:00:00 GMT","<a href=""https://www.hani.co.kr/arti/economy/economy_general/1034098.html"" target=""_blank"">오일쇼크에 스태그플레이션 우려까지…한국 경제 '시계제로'</a>&nbsp;&nbsp;<font color=""#6f6f6f"">한겨레</font>","OrderedDict([('@url', 'https://www.hani.co.kr'), ('#text', '한겨레')])"
"“우크라 사태, 지구촌 정치·경제 변곡점…세계화 종언뒤 지역블록화” - 한겨레",https://www.hani.co.kr/arti/economy/global/1035761.html,"OrderedDict([('@isPermaLink', 'false'), ('#text', 'CBMiN2h0dHBzOi8vd3d3LmhhbmkuY28ua3IvYXJ0aS9lY29ub215L2dsb2JhbC8xMDM1NzYxLmh0bWzSAQA')])","Tue, 22 Mar 2022 02:59:11 GMT","<a href=""https://www.hani.co.kr/arti/economy/global/1035761.html"" target=""_blank"">“우크라 사태, 지구촌 정치·경제 변곡점…세계화 종언뒤 지역블록화”</a>&nbsp;&nbsp;<font color=""#6f6f6f"">한겨레</font>","OrderedDict([('@url', 'https://www.hani.co.kr'), ('#text', '한겨레')])"
올해 중국 경제 키워드는 '바오우'…“대대적 경기부양 예고” - 한겨레,https://www.hani.co.kr/arti/economy/global/1034599.html,"OrderedDict([('@isPermaLink', 'false'), ('#text', 'CBMiN2h0dHBzOi8vd3d3LmhhbmkuY28ua3IvYXJ0aS9lY29ub215L2dsb2JhbC8xMDM0NTk5Lmh0bWzSAQA')])","Sun, 13 Mar 2022 08:00:00 GMT","<a href=""https://www.hani.co.kr/arti/economy/global/1034599.html"" target=""_blank"">올해 중국 경제 키워드는 '바오우'…“대대적 경기부양 예고”</a>&nbsp;&nbsp;<font color=""#6f6f6f"">한겨레</font>","OrderedDict([('@url', 'https://www.hani.co.kr'), ('#text', '한겨레')])"
尹인수위 경제 1분과 ‘최상목 내정’에 경제관료 ‘환호’… “정권교체 효과 실감” - 조선비즈 - 조선비즈,https://biz.chosun.com/policy/policy_sub/2022/03/14/XJ7MJY376BH6BLG7NO57NYRVUE/,"OrderedDict([('@isPermaLink', 'false'), ('#text', 'CBMiT2h0dHBzOi8vYml6LmNob3N1bi5jb20vcG9saWN5L3BvbGljeV9zdWIvMjAyMi8wMy8xNC9YSjdNSlkzNzZCSDZCTEc3Tk81N05ZUlZVRS_SAV5odHRwczovL2Jpei5jaG9zdW4uY29tL3BvbGljeS9wb2xpY3lfc3ViLzIwMjIvMDMvMTQvWEo3TUpZMzc2Qkg2QkxHN05PNTdOWVJWVUUvP291dHB1dFR5cGU9YW1w')])","Mon, 14 Mar 2022 07:00:00 GMT","<a href=""https://biz.chosun.com/policy/policy_sub/2022/03/14/XJ7MJY376BH6BLG7NO57NYRVUE/"" target=""_blank"">尹인수위 경제 1분과 ‘최상목 내정’에 경제관료 ‘환호’… “정권교체 효과 실감” - 조선비즈</a>&nbsp;&nbsp;<font color=""#6f6f6f"">조선비즈</font>","OrderedDict([('@url', 'https://biz.chosun.com'), ('#text', '조선비즈')])"
안철수 “인수위 경제1분과와 스태그플레이션 우려 심층 논의” - 조선비즈 - 조선비즈,https://biz.chosun.com/policy/politics/election2022/2022/03/18/G7LTCJTC5JHBRE3VFKDHHG7WA4/,"OrderedDict([('@isPermaLink', 'false'), ('#text', 'CBMiWmh0dHBzOi8vYml6LmNob3N1bi5jb20vcG9saWN5L3BvbGl0aWNzL2VsZWN0aW9uMjAyMi8yMDIyLzAzLzE4L0c3TFRDSlRDNUpIQlJFM1ZGS0RISEc3V0E0L9IBaWh0dHBzOi8vYml6LmNob3N1bi5jb20vcG9saWN5L3BvbGl0aWNzL2VsZWN0aW9uMjAyMi8yMDIyLzAzLzE4L0c3TFRDSlRDNUpIQlJFM1ZGS0RISEc3V0E0Lz9vdXRwdXRUeXBlPWFtcA')])","Fri, 18 Mar 2022 07:00:00 GMT","<a href=""https://biz.chosun.com/policy/politics/election2022/2022/03/18/G7LTCJTC5JHBRE3VFKDHHG7WA4/"" target=""_blank"">안철수 “인수위 경제1분과와 스태그플레이션 우려 심층 논의” - 조선비즈</a>&nbsp;&nbsp;<font color=""#6f6f6f"">조선비즈</font>","OrderedDict([('@url', 'https://biz.chosun.com'), ('#text', '조선비즈')])"
대외경제硏 “러 수출 규제 장기화시 韓 성장률 최대 0.06%P 낮아져” - 조선비즈 - 조선비즈,https://biz.chosun.com/policy/policy_sub/2022/03/21/JO5TSXOOERFOHK2F2NSGF2FJLI/,"OrderedDict([('@isPermaLink', 'false'), ('#text', 'CBMiT2h0dHBzOi8vYml6LmNob3N1bi5jb20vcG9saWN5L3BvbGljeV9zdWIvMjAyMi8wMy8yMS9KTzVUU1hPT0VSRk9ISzJGMk5TR0YyRkpMSS_SAV5odHRwczovL2Jpei5jaG9zdW4uY29tL3BvbGljeS9wb2xpY3lfc3ViLzIwMjIvMDMvMjEvSk81VFNYT09FUkZPSEsyRjJOU0dGMkZKTEkvP291dHB1dFR5cGU9YW1w')])","Mon, 21 Mar 2022 07:00:00 GMT","<a href=""https://biz.chosun.com/policy/policy_sub/2022/03/21/JO5TSXOOERFOHK2F2NSGF2FJLI/"" target=""_blank"">대외경제硏 “러 수출 규제 장기화시 韓 성장률 최대 0.06%P 낮아져” - 조선비즈</a>&nbsp;&nbsp;<font color=""#6f6f6f"">조선비즈</font>","OrderedDict([('@url', 'https://biz.chosun.com'), ('#text', '조선비즈')])"
"러시아발 경제위기, 장기화 대비할 때다[동아광장/이지홍] - 게임동아",https://www.donga.com/news/Opinion/article/all/20220324/112521762/1,"OrderedDict([('@isPermaLink', 'false'), ('#text', 'CBMiQ2h0dHBzOi8vd3d3LmRvbmdhLmNvbS9uZXdzL09waW5pb24vYXJ0aWNsZS9hbGwvMjAyMjAzMjQvMTEyNTIxNzYyLzHSATdodHRwczovL3d3dy5kb25nYS5jb20vbmV3cy9hbXAvYWxsLzIwMjIwMzI0LzExMjUyMTc2Mi8x')])","Thu, 24 Mar 2022 18:00:00 GMT","<a href=""https://www.donga.com/news/Opinion/article/all/20220324/112521762/1"" target=""_blank"">러시아발 경제위기, 장기화 대비할 때다[동아광장/이지홍]</a>&nbsp;&nbsp;<font color=""#6f6f6f"">게임동아</font>","OrderedDict([('@url', 'https://www.donga.com'), ('#text', '게임동아')])"
원화 가치 상승·외국인 매수 머지않았다 : 금융·증권 : 경제 : 뉴스 - 한겨레,https://www.hani.co.kr/arti/economy/finance/1035535.html,"OrderedDict([('@isPermaLink', 'false'), ('#text', 'CBMiOGh0dHBzOi8vd3d3LmhhbmkuY28ua3IvYXJ0aS9lY29ub215L2ZpbmFuY2UvMTAzNTUzNS5odG1s0gEA')])","Sun, 20 Mar 2022 07:00:00 GMT","<a href=""https://www.hani.co.kr/arti/economy/finance/1035535.html"" target=""_blank"">원화 가치 상승·외국인 매수 머지않았다 : 금융·증권 : 경제 : 뉴스</a>&nbsp;&nbsp;<font color=""#6f6f6f"">한겨레</font>","OrderedDict([('@url', 'https://www.hani.co.kr'), ('#text', '한겨레')])"
"[사설] 발등의 불 경제·코로나 위기, 尹 당선인 文과 다툴 시간 없다 - 조선일보 - The Chosunilbo",https://www.chosun.com/opinion/editorial/2022/03/24/GRP6TFODSVC3JM334OYLC4DBRY/,"OrderedDict([('@isPermaLink', 'false'), ('#text', 'CBMiT2h0dHBzOi8vd3d3LmNob3N1bi5jb20vb3Bpbmlvbi9lZGl0b3JpYWwvMjAyMi8wMy8yNC9HUlA2VEZPRFNWQzNKTTMzNE9ZTEM0REJSWS_SAV5odHRwczovL3d3dy5jaG9zdW4uY29tL29waW5pb24vZWRpdG9yaWFsLzIwMjIvMDMvMjQvR1JQNlRGT0RTVkMzSk0zMzRPWUxDNERCUlkvP291dHB1dFR5cGU9YW1w')])","Wed, 23 Mar 2022 18:26:00 GMT","<a href=""https://www.chosun.com/opinion/editorial/2022/03/24/GRP6TFODSVC3JM334OYLC4DBRY/"" target=""_blank"">[사설] 발등의 불 경제·코로나 위기, 尹 당선인 文과 다툴 시간 없다 - 조선일보</a>&nbsp;&nbsp;<font color=""#6f6f6f"">The Chosunilbo</font>","OrderedDict([('@url', 'https://www.chosun.com'), ('#text', 'The Chosunilbo')])"
OECD “우크라 사태로 세계 경제성장률 1%포인트 이상 하락” - 한겨레,https://www.hani.co.kr/arti/economy/economy_general/1035310.html,"OrderedDict([('@isPermaLink', 'false'), ('#text', 'CBMiQGh0dHBzOi8vd3d3LmhhbmkuY28ua3IvYXJ0aS9lY29ub215L2Vjb25vbXlfZ2VuZXJhbC8xMDM1MzEwLmh0bWzSAQA')])","Thu, 17 Mar 2022 07:00:00 GMT","<a href=""https://www.hani.co.kr/arti/economy/economy_general/1035310.html"" target=""_blank"">OECD “우크라 사태로 세계 경제성장률 1%포인트 이상 하락”</a>&nbsp;&nbsp;<font color=""#6f6f6f"">한겨레</font>","OrderedDict([('@url', 'https://www.hani.co.kr'), ('#text', '한겨레')])"
